Date,Open,High,Low,Close,Adj Close,Volume,SMA_10,SMA_30,SMA_50,SMA15,STDEV,LowerBand,UpperBand,BarsDate
2019-11-12,6.03000020980835,6.070000171661377,5.869999885559082,5.920000076293945,5.920000076293945,1834500,,,,,,,,18212.0
2019-11-13,5.909999847412109,5.96999979019165,5.809999942779541,5.940000057220459,5.940000057220459,1533600,,,,,,,,18213.0
2019-11-14,5.949999809265137,6.110000133514404,5.900000095367432,5.980000019073486,5.980000019073486,1708700,,,,,,,,18214.0
2019-11-15,6.0,6.010000228881836,5.849999904632568,5.880000114440918,5.880000114440918,2165900,,,,,,,,18215.0
2019-11-18,5.849999904632568,5.849999904632568,5.610000133514404,5.619999885559082,5.619999885559082,2995900,,,,,,,,18218.0
2019-11-19,5.570000171661377,5.659999847412109,5.449999809265137,5.5,5.5,3360500,,,,,,,,18219.0
2019-11-20,5.539999961853027,5.539999961853027,5.360000133514404,5.460000038146973,5.460000038146973,2666700,,,,,,,,18220.0
2019-11-21,5.460000038146973,5.579999923706055,5.349999904632568,5.5,5.5,2784000,,,,,,,,18221.0
2019-11-22,5.590000152587891,5.849999904632568,5.5,5.659999847412109,5.659999847412109,3493100,,,,,,,,18222.0
2019-11-25,5.670000076293945,6.059999942779541,5.630000114440918,6.03000020980835,6.03000020980835,2744900,5.749000024795532,,,,,,,18225.0
2019-11-26,6.03000020980835,6.260000228881836,6.010000228881836,6.099999904632568,6.099999904632568,2648700,5.767000007629394,,,,,,,18226.0
2019-11-27,6.099999904632568,6.389999866485596,6.019999980926514,6.349999904632568,6.349999904632568,3030000,5.807999992370606,,,,,,,18227.0
2019-11-29,6.329999923706055,6.389999866485596,6.239999771118164,6.340000152587891,6.340000152587891,1369000,5.844000005722046,,,,,,,18229.0
2019-12-02,6.349999904632568,6.460000038146973,6.090000152587891,6.170000076293945,6.170000076293945,2060600,5.873000001907348,,,,,,,18232.0
2019-12-03,6.039999961853027,6.179999828338623,5.929999828338623,6.119999885559082,6.119999885559082,2214900,5.923000001907349,,,5.904666678110758,0.2966929024729084,5.311280873164941,6.498052483056576,18233.0
2019-12-04,6.170000076293945,6.489999771118164,6.119999885559082,6.429999828338623,6.429999828338623,2872400,6.015999984741211,,,5.938666661580403,0.32631856912473767,5.286029523330928,6.591303799829879,18234.0
2019-12-05,6.320000171661377,6.519999980926514,6.239999771118164,6.400000095367432,6.400000095367432,4381400,6.1099999904632565,,,5.969333330790202,0.347387536781749,5.274558257226704,6.6641084043537,18235.0
2019-12-06,6.389999866485596,6.679999828338623,6.389999866485596,6.679999828338623,6.679999828338623,4757300,6.227999973297119,,,6.015999984741211,0.39295218298633183,5.230095618768548,6.801904350713874,18236.0
2019-12-09,6.650000095367432,6.920000076293945,6.190000057220459,6.329999923706055,6.329999923706055,6250600,6.294999980926514,,,6.0459999720255535,0.3989593482678626,5.248081275489828,6.843918668561279,18239.0
2019-12-10,6.289999961853027,6.539999961853027,6.119999885559082,6.510000228881836,6.510000228881836,9594900,6.342999982833862,,,6.10533332824707,0.3972560634500892,5.310821201346892,6.899845455147249,18240.0
2019-12-11,5.25,5.809999942779541,5.179999828338623,5.53000020980835,5.53000020980835,19517800,6.28600001335144,,,6.107333342234294,0.3940533935283181,5.319226555177658,6.89544012929093,18241.0
2019-12-12,5.460000038146973,5.710000038146973,5.409999847412109,5.579999923706055,5.579999923706055,6387300,6.209000015258789,,,6.115333334604899,0.38097367802435733,5.353385978556185,6.877280690653613,18242.0
2019-12-13,5.46999979019165,5.619999885559082,5.239999771118164,5.449999809265137,5.449999809265137,5439000,6.119999980926513,,,6.111999988555908,0.38691454632317074,5.338170895909567,6.88582908120225,18243.0
2019-12-16,5.389999866485596,5.590000152587891,5.389999866485596,5.5,5.5,4406900,6.052999973297119,,,6.101333332061768,0.40217030162939216,5.296992728802984,6.905673935320552,18246.0
2019-12-17,5.5,6.079999923706055,5.489999771118164,6.059999942779541,6.059999942779541,4141400,6.046999979019165,,,6.103333314259847,0.4018647033326296,5.299603907594587,6.907062720925106,18247.0
2019-12-18,6.059999942779541,6.269999980926514,5.929999828338623,6.159999847412109,6.159999847412109,5264100,6.019999980926514,,,6.10733331044515,0.4021276753365625,5.3030779597720255,6.911588661118275,18248.0
2019-12-19,6.210000038146973,6.239999771118164,6.03000020980835,6.059999942779541,6.059999942779541,4452000,5.985999965667725,,,6.087999979654948,0.3965602141605291,5.29487955133389,6.881120407976006,18249.0
2019-12-20,6.059999942779541,6.21999979019165,5.960000038146973,5.989999771118164,5.989999771118164,5484600,5.916999959945679,,,6.064666620890299,0.39093051242397925,5.282805596042341,6.846527645738258,18250.0
2019-12-23,6.050000190734863,6.070000171661377,5.539999961853027,5.610000133514404,5.610000133514404,6282700,5.844999980926514,,,6.027333291371663,0.40657920798661357,5.214174875398436,6.84049170734489,18253.0
2019-12-24,5.650000095367432,5.670000076293945,5.440000057220459,5.440000057220459,5.440000057220459,3395500,5.737999963760376,5.94333332379659,,5.9819999694824215,0.4325868791597016,5.116826211163018,6.847173727801825,18254.0
2019-12-26,5.46999979019165,5.510000228881836,5.25,5.400000095367432,5.400000095367432,4264400,5.724999952316284,5.925999991099039,,5.913333320617676,0.4381073793877315,5.037118561842213,6.789548079393139,18256.0
2019-12-27,5.420000076293945,5.980000019073486,5.389999866485596,5.900000095367432,5.900000095367432,11041300,5.756999969482422,5.924666659037272,,5.879999987284342,0.41694463668277,5.046110713918802,6.713889260649882,18257.0
2019-12-30,5.880000114440918,6.25,5.760000228881836,6.130000114440918,6.130000114440918,4482100,5.825,5.929666662216187,,5.843333339691162,0.3621496625336165,5.119034014623929,6.567632664758395,18260.0
2019-12-31,6.079999923706055,6.389999866485596,5.989999771118164,6.079999923706055,6.079999923706055,4322600,5.882999992370605,5.936333322525025,,5.826666673024495,0.34342116316670956,5.139824346691076,6.5135089993579145,18261.0
2020-01-02,6.139999866485596,6.46999979019165,6.070000171661377,6.309999942779541,6.309999942779541,4453600,5.9079999923706055,5.959333324432373,,5.813333320617676,0.31793226605074465,5.177468788516187,6.4491978527191645,18263.0
2020-01-03,6.210000038146973,6.25,5.840000152587891,5.880000114440918,5.880000114440918,3543900,5.880000019073487,5.971999994913737,,5.83666664759318,0.30835196826352435,5.219962711066131,6.453370584120229,18264.0
2020-01-06,5.800000190734863,5.909999847412109,5.599999904632568,5.849999904632568,5.849999904632568,3394800,5.859000015258789,5.9849999904632565,,5.854666646321615,0.3000682158070569,5.254530214707501,6.454803077935729,18267.0
2020-01-07,5.769999980926514,5.829999923706055,5.440000057220459,5.519999980926514,5.519999980926514,5228000,5.812000036239624,5.985666656494141,,5.859333324432373,0.29380422752615476,5.271724869380064,6.446941779484682,18268.0
2020-01-08,5.489999771118164,5.849999904632568,5.409999847412109,5.71999979019165,5.71999979019165,5629400,5.8230000019073485,5.987666654586792,,5.873999977111817,0.2797396331253485,5.31452071086112,6.433479243362513,18269.0
2020-01-09,5.820000171661377,5.820000171661377,5.480000019073486,5.550000190734863,5.550000190734863,2643000,5.834000015258789,5.971666653951009,,5.839999993642171,0.2864311889417697,5.267137615758632,6.41286237152571,18270.0
2020-01-10,5.559999942779541,5.599999904632568,5.380000114440918,5.429999828338623,5.429999828338623,2781400,5.836999988555908,5.949333318074545,,5.791333325703939,0.2901690547389507,5.210995216226038,6.371671435181841,18271.0
2020-01-13,5.429999828338623,5.610000133514404,5.329999923706055,5.429999828338623,5.429999828338623,3625200,5.789999961853027,5.918666648864746,,5.7493333180745445,0.2940715729409756,5.161190172192593,6.337476463956496,18274.0
2020-01-14,4.78000020980835,5.0,4.53000020980835,4.710000038146973,4.710000038146973,12561900,5.647999954223633,5.864333311716716,,5.664000002543132,0.3894831707549277,4.885033661033276,6.442966344052987,18275.0
2020-01-15,4.659999847412109,4.730000019073486,4.550000190734863,4.610000133514404,4.610000133514404,4981100,5.500999975204468,5.812333313624064,,5.597333335876465,0.4754766807868531,4.646379974302759,6.5482866974501714,18276.0
2020-01-16,4.610000133514404,4.710000038146973,4.519999980926514,4.619999885559082,4.619999885559082,4287100,5.331999969482422,5.762333313624064,,5.542666657765706,0.5378989059765532,4.4668688458126,6.618464469718813,18277.0
2020-01-17,4.579999923706055,4.75,4.510000228881836,4.75,4.75,4019500,5.21899995803833,5.70633331934611,,5.4993333180745445,0.5751082674521811,4.3491167831701825,6.6495498529789066,18278.0
2020-01-21,4.75,4.75,4.550000190734863,4.590000152587891,4.590000152587891,3532100,5.092999982833862,5.645999987920125,,5.411999988555908,0.608419471889575,4.195161044776758,6.628838932335058,18282.0
2020-01-22,4.550000190734863,4.639999866485596,4.460000038146973,4.559999942779541,4.559999942779541,2627500,4.996999979019165,5.575333325068156,,5.307333310445149,0.6111168199915619,4.085099670462026,6.529566950428273,18283.0
2020-01-23,4.550000190734863,4.639999866485596,4.460000038146973,4.619999885559082,4.619999885559082,1880200,4.886999988555909,5.518333323796591,,5.209999974568685,0.5953270178828078,4.0193459388030695,6.400654010334301,18284.0
2020-01-24,4.639999866485596,4.639999866485596,4.25,4.320000171661377,4.320000171661377,4163600,4.763999986648559,5.445333321889241,5.685599994659424,5.077333323160807,0.5529074275572593,3.9715184680462885,6.183148178275325,18285.0
2020-01-27,4.199999809265137,4.349999904632568,4.159999847412109,4.28000020980835,4.28000020980835,2122500,4.649000024795532,5.403666655222575,5.652799997329712,4.970666662851969,0.5412084492645413,3.888249764322887,6.053083561381052,18288.0
2020-01-28,4.300000190734863,4.300000190734863,4.179999828338623,4.210000038146973,4.210000038146973,2144900,4.527000045776367,5.357999992370606,5.618199996948242,4.8613333384195965,0.5159438178261843,3.829445702767228,5.893220974071965,18289.0
2020-01-29,4.21999979019165,4.320000171661377,4.130000114440918,4.130000114440918,4.130000114440918,1552600,4.469000053405762,5.314000002543131,5.581199998855591,4.76866668065389,0.5140158572293095,3.7406349661952714,5.796698395112509,18290.0
2020-01-30,4.099999904632568,4.119999885559082,3.880000114440918,3.930000066757202,3.930000066757202,3006500,4.401000046730042,5.261666671435038,5.542199997901917,4.6493333657582605,0.48430307984530124,3.680727206067658,5.617939525448863,18291.0
2020-01-31,3.9100000858306885,3.940000057220459,3.8299999237060547,3.8399999141693115,3.8399999141693115,2891700,4.323000049591064,5.187666670481364,5.506599998474121,4.535333347320557,0.45767833895320664,3.6199766694141435,5.4506900252269705,18292.0
2020-02-03,3.880000114440918,3.9800000190734863,3.8499999046325684,3.950000047683716,3.950000047683716,2026200,4.243000054359436,5.114000010490417,5.4755999994277955,4.436666695276896,0.40784562934675167,3.620975436583393,5.2523579539703995,18295.0
2020-02-04,4.03000020980835,4.25,3.9700000286102295,4.070000171661377,4.070000171661377,3563100,4.191000056266785,5.047666684786479,5.4478000020980835,4.346000051498413,0.31089270372046973,3.724214644057473,4.967785458939352,18296.0
2020-02-05,4.150000095367432,4.409999847412109,4.139999866485596,4.179999828338623,4.179999828338623,2641700,4.153000044822693,4.987333353360494,5.421399998664856,4.310666704177857,0.29634598836598325,3.71797472744589,4.9033586809098235,18297.0
2020-02-06,4.199999809265137,4.300000190734863,4.139999866485596,4.139999866485596,4.139999866485596,1510300,4.105000042915345,4.938333344459534,5.3909999990463255,4.2793333530426025,0.2871402359795629,3.7050528810834766,4.853613825001728,18298.0
2020-02-07,4.110000133514404,4.130000114440918,3.7699999809265137,3.809999942779541,3.809999942779541,2742300,4.054000020027161,4.884000007311503,5.346599993705749,4.2253333568573,0.29456667708077805,3.636200002695744,4.814466711018857,18299.0
2020-02-10,3.8499999046325684,4.099999904632568,3.740000009536743,3.940000057220459,3.940000057220459,2777000,4.020000004768372,4.83533333937327,5.303399996757507,4.171333360671997,0.2641932995101173,3.6429467616517623,4.699719959692231,18302.0
2020-02-11,3.9800000190734863,4.239999771118164,3.950000047683716,4.019999980926514,4.019999980926514,3415000,4.000999999046326,4.772666668891906,5.256799998283387,4.133333349227906,0.23951338900994062,3.6543065712080245,4.612360127247787,18303.0
2020-02-12,4.130000114440918,4.510000228881836,4.070000171661377,4.190000057220459,4.190000057220459,4820600,4.00699999332428,4.708000000317892,5.2137999963760375,4.108666690190633,0.20962097801426968,3.6894247341620936,4.527908646219172,18304.0
2020-02-13,4.119999885559082,4.260000228881836,4.070000171661377,4.110000133514404,4.110000133514404,2081700,4.025,4.642333340644837,5.172599997520447,4.074666706720988,0.1550054193010171,3.764655868118954,4.384677545323022,18305.0
2020-02-14,4.110000133514404,4.190000057220459,4.019999980926514,4.019999980926514,4.019999980926514,1582700,4.043000006675721,4.566000008583069,5.130599999427796,4.054666694005331,0.13968675528727414,3.775293183430782,4.334040204579879,18306.0
2020-02-18,4.010000228881836,4.079999923706055,3.9600000381469727,4.059999942779541,4.059999942779541,1467600,4.053999996185302,4.505333336194356,5.083200001716614,4.040000009536743,0.12512851397561497,3.789742981585513,4.290257037487973,18310.0
2020-02-19,4.059999942779541,4.269999980926514,3.9200000762939453,4.150000095367432,4.150000095367432,2593100,4.061999988555908,4.4486666758855185,5.038200001716614,4.03600001335144,0.12016656290020455,3.7956668875510315,4.276333139151849,18311.0
2020-02-20,4.159999847412109,4.300000190734863,4.110000133514404,4.139999866485596,4.139999866485596,1562300,4.057999992370606,4.402666672070821,4.9874000024795535,4.036666663487752,0.12075161160134633,3.7951634402850596,4.278169886690445,18312.0
2020-02-21,4.119999885559082,4.179999828338623,3.990000009536743,4.039999961853027,4.039999961853027,1695700,4.048000001907349,4.346666677792867,4.941600003242493,4.043999989827474,0.11709581142696586,3.809808366973542,4.278191612681406,18313.0
2020-02-24,3.9000000953674316,3.930000066757202,3.700000047683716,3.700000047683716,3.700000047683716,3566300,4.037000012397766,4.285000006357829,4.885399999618531,4.034666665395101,0.1381958423770745,3.7582749806409526,4.31105835014925,18316.0
2020-02-25,3.7699999809265137,3.7899999618530273,3.549999952316284,3.559999942779541,3.559999942779541,4447900,3.999000000953674,4.222666676839193,4.845999994277954,4.00866665840149,0.1842694703519871,3.6401277176975153,4.377205599105464,18317.0
2020-02-26,3.5799999237060547,3.619999885559082,3.359999895095825,3.390000104904175,3.390000104904175,4724800,3.9360000133514403,4.154666686058045,4.8021999979019165,3.963333320617676,0.2425361769335155,3.478260966750645,4.448405674484707,18318.0
2020-02-27,3.2300000190734863,3.630000114440918,3.180000066757202,3.4700000286102295,3.4700000286102295,3879500,3.8640000104904173,4.11333335240682,4.762600002288818,3.916000000635783,0.2654322449768966,3.3851355106819896,4.446864490589576,18319.0
2020-02-28,3.3399999141693115,3.7200000286102295,3.3399999141693115,3.5999999046325684,3.5999999046325684,4692200,3.812999987602234,4.079666678110758,4.72460000038147,3.8800000031789144,0.2694703796270098,3.341059243924895,4.418940762432934,18320.0
2020-03-02,3.5999999046325684,3.8499999046325684,3.390000104904175,3.8299999237060547,3.8299999237060547,3208400,3.793999981880188,4.053333346048991,4.68,3.881333335240682,0.26914856888026406,3.3430361974801537,4.41963047300121,18323.0
2020-03-03,3.880000114440918,3.890000104904175,3.5,3.630000114440918,3.630000114440918,4282500,3.750999999046326,4.016000016530355,4.629400005340576,3.8606666723887124,0.2761331548795537,3.3084003626296052,4.41293298214782,18324.0
2020-03-04,3.7100000381469727,3.8299999237060547,3.4600000381469727,3.7699999809265137,3.7699999809265137,4257600,3.7129999876022337,3.9886666774749755,4.583600006103516,3.844000005722046,0.27336003838432743,3.297279928953391,4.3907200824907004,18325.0
2020-03-05,3.700000047683716,3.990000009536743,3.5899999141693115,3.9600000381469727,3.9600000381469727,3599400,3.6950000047683718,3.96866668065389,4.543000011444092,3.828666671117147,0.25861903211796033,3.3114286068812264,4.345904735353067,18326.0
2020-03-06,3.8399999141693115,4.070000171661377,3.759999990463257,3.9200000762939453,3.9200000762939453,2096800,3.683000016212463,3.9453333536783854,4.509200010299683,3.816000000635783,0.24830279017926857,3.319394420277246,4.31260558099432,18327.0
2020-03-09,3.5899999141693115,3.9700000286102295,3.5,3.700000047683716,3.700000047683716,2732000,3.683000016212463,3.92466668287913,4.474400010108948,3.7946666717529296,0.24321847789579237,3.3082297159613447,4.281103627544514,18330.0
2020-03-10,3.940000057220459,4.260000228881836,3.799999952316284,4.230000019073486,4.230000019073486,4863200,3.750000023841858,3.9230000098546345,4.451000008583069,3.806000010172526,0.25985709012549923,3.2862858299215274,4.325714190423525,18331.0
2020-03-11,4.139999866485596,4.25,4.0,4.139999866485596,4.139999866485596,4414100,3.825,3.9206666707992555,4.415800004005432,3.8053333282470705,0.2589226415732932,3.287488045100484,4.323178611393657,18332.0
2020-03-12,3.700000047683716,4.039999961853027,3.4800000190734863,3.9800000190734863,3.9800000190734863,5123400,3.875999999046326,3.915666667620341,4.372800002098083,3.7946666717529296,0.24718026650984945,3.3003061387332306,4.289027204772628,18333.0
2020-03-13,4.130000114440918,4.650000095367432,3.8499999046325684,4.590000152587891,4.590000152587891,5787200,3.975000023841858,3.937666670481364,4.34300000667572,3.831333351135254,0.31708194298929626,3.1971694651566613,4.465497237113847,18334.0
2020-03-16,3.930000066757202,4.570000171661377,3.9000000953674316,4.369999885559082,4.369999885559082,4866700,4.02900002002716,3.9553333361943563,4.304200005531311,3.876000006993612,0.3433615302633743,3.189276946466863,4.56272306752036,18337.0
2020-03-17,4.400000095367432,4.650000095367432,4.110000133514404,4.230000019073486,4.230000019073486,3562200,4.089000010490418,3.9646666685740155,4.271200003623963,3.9206666787465414,0.34289661717640146,3.2348734443937386,4.606459913099345,18338.0
2020-03-18,4.099999904632568,4.25,3.5,3.7699999809265137,3.7699999809265137,3651700,4.089000010490418,3.9546666622161863,4.229600005149841,3.946000003814697,0.3136831934392603,3.3186336169361765,4.573366390693218,18339.0
2020-03-19,3.7100000381469727,4.199999809265137,3.549999952316284,4.190000057220459,4.190000057220459,5039500,4.1120000123977665,3.9550000031789145,4.20300000667572,3.9940000057220457,0.28982261678091337,3.4143547721602188,4.573645239283873,18340.0
2020-03-20,4.079999923706055,4.079999923706055,3.6500000953674316,3.759999990463257,3.759999990463257,7722200,4.096000003814697,3.9423333406448364,4.163800010681152,4.004666678110758,0.2769442114724266,3.450778255165905,4.558555101055611,18341.0
2020-03-23,3.5799999237060547,3.859999895095825,3.5,3.809999942779541,3.809999942779541,6009800,4.10699999332428,3.9423333406448364,4.1290000057220455,4.003333346048991,0.27789172401798296,3.447549898013025,4.559116794084956,18344.0
2020-03-24,3.950000047683716,4.210000038146973,3.890000104904175,4.159999847412109,4.159999847412109,6805600,4.099999976158142,3.949666666984558,4.103600006103516,4.038666661580404,0.2601611295932646,3.5183444023938746,4.558988920766933,18345.0
2020-03-25,4.150000095367432,4.489999771118164,4.039999961853027,4.170000076293945,4.170000076293945,3592100,4.102999997138977,3.9546666701634723,4.078400011062622,4.065333334604899,0.25099422242798647,3.5633448897489264,4.5673217794608725,18346.0
2020-03-26,4.239999771118164,4.710000038146973,4.239999771118164,4.409999847412109,4.409999847412109,6185700,4.1459999799728395,3.9619999965031942,4.072400007247925,4.095333321889242,0.2640580711081896,3.5672171796728627,4.6234494641056205,18347.0
2020-03-27,4.940000057220459,5.090000152587891,4.150000095367432,4.21999979019165,4.21999979019165,7024800,4.108999943733215,3.965666651725769,4.0646000003814695,4.115333302815755,0.26117499628675156,3.592983310242252,4.637683295389259,18348.0
2020-03-30,4.21999979019165,4.269999980926514,3.6500000953674316,3.6500000953674316,3.6500000953674316,3350600,4.036999964714051,3.953333322207133,4.045200004577636,4.111999972661336,0.26710617423229444,3.5777876241967475,4.646212321125925,18351.0
2020-03-31,3.630000114440918,3.799999952316284,3.5,3.5,3.5,2300900,3.9639999628067017,3.934666657447815,4.020200004577637,4.063333304723104,0.3075169221177966,3.448299460487511,4.678367148958697,18352.0
2020-04-01,3.450000047683716,3.490000009536743,3.119999885559082,3.25,3.25,4568700,3.91199996471405,3.9046666542689006,3.993400001525879,4.003999980290731,0.3709793848238177,3.2620412106430954,4.745958749938366,18353.0
2020-04-02,3.259999990463257,3.3499999046325684,2.8499999046325684,2.8499999046325684,2.8499999046325684,4064300,3.7779999494552614,3.8616666555404664,3.9592000007629395,3.9286666393280028,0.4760532194191815,2.9765602004896397,4.880773078166365,18354.0
2020-04-03,2.8499999046325684,2.940000057220459,2.569999933242798,2.799999952316284,2.799999952316284,3830400,3.681999945640564,3.8203333218892417,3.9228000020980835,3.8093332926432293,0.5206927465416816,2.767947799559866,4.850718785726593,18355.0
2020-04-06,2.859999895095825,3.200000047683716,2.8299999237060547,3.0899999141693115,3.0899999141693115,3340500,3.609999942779541,3.799999984105428,3.898199996948242,3.7239999612172445,0.5270917463786321,2.66981646845998,4.778183453974509,18358.0
2020-04-07,3.390000104904175,3.440000057220459,3.0999999046325684,3.2699999809265137,3.2699999809265137,2836900,3.5209999561309813,3.790333318710327,3.8779999923706057,3.659999958674113,0.5194914990420458,2.6210169605900213,4.698982956758204,18359.0
2020-04-08,3.2300000190734863,3.6700000762939453,3.200000047683716,3.4100000858306885,3.4100000858306885,2884500,3.4449999570846557,3.790999984741211,3.8619999933242797,3.6359999656677244,0.5223545445274647,2.591290876612795,4.680709054722653,18360.0
2020-04-09,3.5999999046325684,4.25,3.490000009536743,3.890000104904175,3.890000104904175,5908600,3.3929999828338624,3.8049999872843423,3.857199993133545,3.615999968846639,0.5050855481880541,2.6058288724705307,4.6261710652227475,18361.0
2020-04-13,4.25,4.760000228881836,4.159999847412109,4.739999771118164,4.739999771118164,6844500,3.4449999809265135,3.842999982833862,3.8733999872207643,3.681333287556966,0.5824929591918584,2.5163473691732494,4.8463192059406826,18365.0
2020-04-14,5.210000038146973,6.46999979019165,5.139999866485596,5.949999809265137,5.949999809265137,13506600,3.674999952316284,3.9136666456858316,3.9155999851226806,3.8239999453226727,0.8270065950288054,2.169986755265062,5.478013135380284,18366.0
2020-04-15,5.659999847412109,5.670000076293945,4.900000095367432,5.269999980926514,5.269999980926514,7499900,3.8519999504089357,3.9683333079020184,3.941999983787537,3.897999954223633,0.9051850191337362,2.0876299159561604,5.7083699924911055,18367.0
2020-04-16,5.119999885559082,5.440000057220459,4.880000114440918,5.03000020980835,5.03000020980835,3371900,4.0299999713897705,4.010333315531413,3.961199984550476,3.9553332964579266,0.9497809030943949,2.055771490269137,5.854895102646717,18368.0
2020-04-17,5.21999979019165,5.28000020980835,4.429999828338623,4.880000114440918,4.880000114440918,5653200,4.232999992370606,4.040999984741211,3.975199990272522,3.9866666475931805,0.9733129383224008,2.0400407709483788,5.933292524237983,18369.0
2020-04-20,4.849999904632568,5.900000095367432,4.78000020980835,5.610000133514404,5.610000133514404,6085000,4.514000010490418,4.097333319981893,4.004599995613098,4.0793333371480305,1.0594706759059125,1.9603919853362055,6.198274688959856,18372.0
2020-04-21,5.230000019073486,5.300000190734863,4.760000228881836,4.78000020980835,4.78000020980835,4142100,4.6830000400543215,4.133333325386047,4.0240000009536745,4.154666678110758,1.0669105576884823,2.020845562733794,6.2884877934877235,18373.0
2020-04-22,5.139999866485596,5.170000076293945,4.829999923706055,4.889999866485596,4.889999866485596,2677800,4.8450000286102295,4.155333320299785,4.042999997138977,4.247333335876465,1.0663520502185742,2.1146292354393164,6.3800374363136125,18374.0
2020-04-23,4.75,4.889999866485596,4.579999923706055,4.699999809265137,4.699999809265137,2265900,4.974000000953675,4.173999985059102,4.056599993705749,4.343999989827474,1.0347380708442726,2.274523848138929,6.41347613151602,18375.0
2020-04-24,4.78000020980835,4.849999904632568,4.659999847412109,4.769999980926514,4.769999980926514,2236200,5.061999988555908,4.20033331712087,4.068199992179871,4.471999994913737,0.9521869553779155,2.5676260841579053,6.376373905669568,18376.0
2020-04-27,4.849999904632568,5.989999771118164,4.809999942779541,5.820000171661377,5.820000171661377,7275100,5.17000002861023,4.241333317756653,4.10239999294281,4.673333342870077,0.8906952962618679,2.891942750346341,6.454723935393813,18379.0
2020-04-28,5.920000076293945,6.039999961853027,5.059999942779541,5.639999866485596,5.639999866485596,5200200,5.139000034332275,4.283666650454204,4.134799990653992,4.843333339691162,0.8062582441931664,3.230816851304829,6.455849828077494,18380.0
2020-04-29,5.829999923706055,6.090000152587891,5.449999809265137,6.039999961853027,6.039999961853027,3369600,5.216000032424927,4.343999981880188,4.174399991035461,5.028000005086263,0.7341583848084963,3.559683235469271,6.496316774703256,18381.0
2020-04-30,5.869999885559082,5.980000019073486,5.639999866485596,5.730000019073486,5.730000019073486,2173300,5.28600001335144,4.409333316485087,4.205999989509582,5.18266666730245,0.601301749225036,3.9800631688523778,6.385270165752522,18382.0
2020-05-01,5.650000095367432,6.179999828338623,5.449999809265137,6.050000190734863,6.050000190734863,4005600,5.403000020980835,4.4713333209355675,4.244199995994568,5.326666673024495,0.5231862332520858,4.280294206520324,6.373039139528666,18383.0
2020-05-04,5.840000152587891,5.929999828338623,5.400000095367432,5.480000019073486,5.480000019073486,4068100,5.3900000095367435,4.528666655222575,4.272999997138977,5.376000022888183,0.49820822205964704,4.379583578768889,6.372416467007477,18386.0
2020-05-05,5.550000190734863,5.630000114440918,5.349999904632568,5.389999866485596,5.389999866485596,2105900,5.450999975204468,4.58133331934611,4.306799993515015,5.3386666933695475,0.4724384792795361,4.3937897348104755,6.283543651928619,18387.0
2020-05-06,5.400000095367432,5.400000095367432,4.900000095367432,4.929999828338623,4.929999828338623,3369600,5.45499997138977,4.606999985376993,4.334199991226196,5.316000016530355,0.48398350395795936,4.348033008614436,6.283967024446273,18388.0
2020-05-07,4.829999923706055,4.929999828338623,4.650000095367432,4.869999885559082,4.869999885559082,2500800,5.471999979019165,4.630333312352499,4.363799986839294,5.3053333282470705,0.49242649946430117,4.320480329318468,6.290186327175673,18389.0
2020-05-08,4.880000114440918,5.190000057220459,4.820000171661377,4.980000019073486,4.980000019073486,2353700,5.4929999828338625,4.649333318074544,4.393999986648559,5.311999988555908,0.48690280323264995,4.338194382090609,6.285805595021208,18390.0
2020-05-11,4.920000076293945,4.960000038146973,4.75,4.760000228881836,4.760000228881836,1699200,5.386999988555909,4.667333332697551,4.417199993133545,5.255333328247071,0.49905437361702804,4.2572245810130145,6.253442075481127,18393.0
2020-05-12,4.78000020980835,4.920000076293945,4.460000038146973,4.539999961853027,4.539999961853027,2639200,5.276999998092651,4.696999994913737,4.431399993896484,5.239333311716716,0.5188375738971936,4.201658163922328,6.277008459511103,18394.0
2020-05-13,4.539999961853027,4.539999961853027,4.070000171661377,4.210000038146973,4.210000038146973,2882900,5.094000005722046,4.720666662851969,4.442999992370606,5.193999989827474,0.577887808825222,4.03822437217703,6.349775607477918,18395.0
2020-05-14,4.150000095367432,4.190000057220459,3.9600000381469727,4.130000114440918,4.130000114440918,2004900,4.934000015258789,4.75,4.450199995040894,5.156000010172526,0.6291581707706039,3.897683668631318,6.414316351713733,18396.0
2020-05-15,4.050000190734863,4.449999809265137,4.039999961853027,4.21999979019165,4.21999979019165,1940600,4.750999975204468,4.7956666628519695,4.455399990081787,5.119333330790202,0.6680832797978437,3.783166771194514,6.455499890385889,18397.0
2020-05-18,4.400000095367432,4.630000114440918,4.360000133514404,4.579999923706055,4.579999923706055,2371700,4.660999965667725,4.854999995231628,4.4685999870300295,5.03666664759318,0.6517083899191901,3.7332498677548003,6.34008342743156,18400.0
2020-05-19,4.579999923706055,4.75,4.369999885559082,4.440000057220459,4.440000057220459,1840700,4.565999984741211,4.9,4.483399987220764,4.956666660308838,0.6459839468615963,3.664698766585645,6.248634554032031,18401.0
2020-05-20,4.5,4.690000057220459,4.340000152587891,4.429999828338623,4.429999828338623,2543600,4.515999984741211,4.938666661580403,4.487399983406067,4.849333318074544,0.5838966303315519,3.68154005741144,6.017126578737648,18402.0
2020-05-21,4.449999809265137,4.650000095367432,4.400000095367432,4.440000057220459,4.440000057220459,1971900,4.473000001907349,4.972999993960062,4.493399987220764,4.763333320617676,0.5381272908051422,3.6870787390073914,5.83958790222796,18403.0
2020-05-22,4.460000038146973,4.489999771118164,4.130000114440918,4.179999828338623,4.179999828338623,2379900,4.392999982833862,4.982666651407878,4.4973999834060665,4.63866662979126,0.4230647794928905,3.7925370708054786,5.4847961887770404,18404.0
2020-05-26,4.340000152587891,4.610000133514404,4.329999923706055,4.420000076293945,4.420000076293945,3545700,4.358999967575073,4.971999994913737,4.493999981880188,4.567999966939291,0.3556523019327539,3.856695363073783,5.279304570804799,18408.0
2020-05-27,4.570000171661377,4.710000038146973,4.360000133514404,4.690000057220459,4.690000057220459,3146600,4.373999977111817,4.930000003178915,4.500399985313416,4.521333312988281,0.2774080769875044,3.966517159013272,5.076149466963289,18409.0
2020-05-28,4.75,4.760000228881836,4.300000190734863,4.329999923706055,4.329999923706055,2183900,4.385999965667724,4.898666667938232,4.502399983406067,4.48133331934611,0.25676191434391227,3.9678094906582855,4.994857148033934,18410.0
2020-05-29,4.329999923706055,4.420000076293945,4.050000190734863,4.059999942779541,4.059999942779541,3973500,4.378999948501587,4.8663333257039385,4.508199982643127,4.427333323160807,0.2543470140663751,3.9186392950280573,4.936027351293558,18411.0
2020-06-01,4.119999885559082,4.360000133514404,4.019999980926514,4.130000114440918,4.130000114440918,2611600,4.369999980926513,4.841333325703939,4.506999983787536,4.37066666285197,0.21389142009791048,3.9428838226561487,4.798449503047791,18414.0
2020-06-02,4.269999980926514,4.309999942779541,4.059999942779541,4.179999828338623,4.179999828338623,2369400,4.32999997138977,4.793666648864746,4.515399980545044,4.331999969482422,0.18951819980164877,3.9529635698791243,4.711036369085719,18415.0
2020-06-03,4.239999771118164,4.519999980926514,4.199999809265137,4.440000057220459,4.440000057220459,3037400,4.32999997138977,4.78233331044515,4.527999982833863,4.325333309173584,0.1833368152404123,3.9586596786927597,4.692006939654409,18416.0
2020-06-04,4.440000057220459,4.71999979019165,4.369999885559082,4.46999979019165,4.46999979019165,3514300,4.333999967575073,4.768333307902018,4.534199981689453,4.3426666259765625,0.1839435858332118,3.9747794543101387,4.710553797642986,18417.0
2020-06-05,4.289999961853027,4.409999847412109,4.090000152587891,4.139999866485596,4.139999866485596,6274400,4.303999948501587,4.7496666431427,4.533599977493286,4.343333276112874,0.1831341238987518,3.9770650283153706,4.7096015239103775,18418.0
2020-06-08,4.28000020980835,5.139999866485596,4.269999980926514,5.010000228881836,5.010000228881836,10133700,4.386999988555909,4.757666651407877,4.5455999851226805,4.395999972025553,0.24743837140295752,3.901123229219638,4.890876714831468,18421.0
2020-06-09,5.0,5.0,4.550000190734863,4.960000038146973,4.960000038146973,8073400,4.440999984741211,4.728999980290731,4.5603999900817875,4.421333312988281,0.2843255034660598,3.8526823060561615,4.989984319920401,18422.0
2020-06-10,4.78000020980835,5.53000020980835,4.679999828338623,5.070000171661377,5.070000171661377,10606400,4.478999996185303,4.709999990463257,4.588799991607666,4.463333320617676,0.33012271781920555,3.8030878849792646,5.123578756256087,18423.0
2020-06-11,4.639999866485596,4.900000095367432,4.179999828338623,4.369999885559082,4.369999885559082,6236000,4.482999992370606,4.654333321253459,4.606199989318847,4.459333324432373,0.3309180015324067,3.79749732136756,5.121169327497187,18424.0
2020-06-12,4.599999904632568,4.78000020980835,4.389999866485596,4.71999979019165,4.71999979019165,4378200,4.548999977111817,4.620666646957398,4.63559998512268,4.477999973297119,0.3375796950126394,3.8028405832718404,5.1531593633223975,18425.0
2020-06-15,4.5,4.769999980926514,4.420000076293945,4.690000057220459,4.690000057220459,3909000,4.604999971389771,4.575333309173584,4.672399988174439,4.511999988555909,0.3310417151542577,3.849916558247393,5.174083418864424,18428.0
2020-06-16,4.949999809265137,4.949999809265137,4.510000228881836,4.639999866485596,4.639999866485596,3121300,4.650999975204468,4.547333304087321,4.709199986457825,4.526666641235352,0.3315476656954396,3.863571309844472,5.189761972626231,18429.0
2020-06-17,4.539999961853027,4.829999923706055,4.53000020980835,4.760000228881836,4.760000228881836,3593500,4.682999992370606,4.526333316167196,4.742599992752075,4.53133331934611,0.33449044988193855,3.8623524195822325,5.200314219109987,18430.0
2020-06-18,4.670000076293945,4.949999809265137,4.650000095367432,4.949999809265137,4.949999809265137,3423800,4.730999994277954,4.526999982198079,4.776199989318847,4.572666645050049,0.345945277593152,3.880776089863745,5.264557200236353,18431.0
2020-06-19,4.949999809265137,5.079999923706055,4.690000057220459,4.880000114440918,4.880000114440918,7366600,4.8050000190734865,4.527333323160807,4.805599989891053,4.627333323160808,0.3231865802997624,3.9809601625612827,5.273706483760332,18432.0
2020-06-22,4.789999961853027,4.949999809265137,4.71999979019165,4.869999885559082,4.869999885559082,3178900,4.790999984741211,4.52366665204366,4.825199985504151,4.676666641235352,0.29728942313712614,4.082087794961099,5.271245487509605,18435.0
2020-06-23,4.949999809265137,4.989999771118164,4.800000190734863,4.829999923706055,4.829999923706055,3205400,4.777999973297119,4.525999975204468,4.826999988555908,4.719999980926514,0.2653838881261405,4.189232204674233,5.250767757178795,18436.0
2020-06-24,4.829999923706055,4.840000152587891,4.380000114440918,4.409999847412109,4.409999847412109,2976200,4.711999940872192,4.521666638056437,4.796199989318848,4.71799996693929,0.26774730060551843,4.182505365728254,5.253494568150327,18437.0
2020-06-25,4.329999923706055,4.539999961853027,4.300000190734863,4.460000038146973,4.460000038146973,2450800,4.7209999561309814,4.5299999713897705,4.779999990463256,4.7173333168029785,0.2684204919518604,4.180492332899258,5.254174300706699,18438.0
2020-06-26,4.480000019073486,4.5,4.269999980926514,4.349999904632568,4.349999904632568,3801200,4.683999967575073,4.537333297729492,4.766399984359741,4.73133331934611,0.2401448623478231,4.251043594650463,5.211623044041756,18439.0
2020-06-29,4.349999904632568,4.519999980926514,4.300000190734863,4.380000114440918,4.380000114440918,2131200,4.652999973297119,4.542666641871135,4.756399984359741,4.689333311716715,0.24300110722183035,4.203331097273054,5.175335526160376,18442.0
2020-06-30,4.329999923706055,4.510000228881836,4.199999809265137,4.340000152587891,4.340000152587891,3889000,4.623000001907348,4.534666649500529,4.730999984741211,4.647999986012777,0.2463795062817199,4.155240973449337,5.140758998576216,18443.0
2020-07-01,4.309999942779541,4.5,4.309999942779541,4.440000057220459,4.440000057220459,2303700,4.590999984741211,4.534666649500529,4.724199981689453,4.605999978383382,0.2217720611824962,4.16245585601839,5.049544100748374,18444.0
2020-07-02,4.489999771118164,4.510000228881836,4.289999961853027,4.289999961853027,4.289999961853027,1887600,4.525,4.529999987284342,4.712199983596801,4.600666650136312,0.22870648071227231,4.143253688711767,5.058079611560857,18445.0
2020-07-06,4.309999942779541,4.340000152587891,4.190000057220459,4.239999771118164,4.239999771118164,2140900,4.460999965667725,4.523333311080933,4.7029999828338624,4.568666648864746,0.24389303254876005,4.080880583767226,5.056452713962266,18449.0
2020-07-07,4.199999809265137,4.25,4.059999942779541,4.090000152587891,4.090000152587891,2456600,4.382999992370605,4.520333321889241,4.68939998626709,4.528666655222575,0.2703401541003183,3.9879863470219385,5.069346963423212,18450.0
2020-07-08,4.099999904632568,4.289999961853027,4.03000020980835,4.260000228881836,4.260000228881836,2052800,4.326000022888183,4.514999993642172,4.658199987411499,4.503333346048991,0.27688743216501216,3.9495584817189666,5.057108210379015,18451.0
2020-07-09,4.269999980926514,4.320000171661377,4.130000114440918,4.210000038146973,4.210000038146973,1992600,4.30600004196167,4.498999993006389,4.629599990844727,4.466666666666667,0.2768874141236062,3.9128918384194544,5.020441494913879,18452.0
2020-07-10,4.199999809265137,4.380000114440918,4.179999828338623,4.340000152587891,4.340000152587891,1410800,4.294000053405762,4.499333333969116,4.595599994659424,4.426000022888184,0.24362732102720147,3.938745380833781,4.913254664942587,18453.0
2020-07-13,4.349999904632568,4.550000190734863,4.260000228881836,4.260000228881836,4.260000228881836,4216200,4.2850000858306885,4.506000010172526,4.566199998855591,4.384666697184245,0.21158804195662217,3.9614906132710006,4.807842781097489,18456.0
2020-07-14,4.21999979019165,4.309999942779541,4.070000171661377,4.079999923706055,4.079999923706055,2261600,4.255000066757202,4.50433333714803,4.526799993515015,4.33200003306071,0.1777718982817061,3.9764562364972975,4.687543829624122,18457.0
2020-07-15,4.130000114440918,4.289999961853027,4.130000114440918,4.190000057220459,4.190000057220459,1474100,4.240000057220459,4.504666678110758,4.500999994277954,4.289333375295003,0.11566371089250875,4.058005953509985,4.520660797080021,18458.0
2020-07-16,4.190000057220459,4.199999809265137,4.090000152587891,4.170000076293945,4.170000076293945,1330100,4.213000059127808,4.495666678746542,4.476599998474121,4.273333390553792,0.11437200029648466,4.044589389960823,4.502077391146761,18459.0
2020-07-17,4.159999847412109,4.230000019073486,3.940000057220459,3.9600000381469727,3.9600000381469727,3065900,4.180000066757202,4.478666687011719,4.457200002670288,4.240000057220459,0.12811826234984874,3.9837635325207614,4.496236581920156,18460.0
2020-07-20,3.950000047683716,4.059999942779541,3.7699999809265137,3.8499999046325684,3.8499999046325684,3401100,4.141000080108642,4.469000021616618,4.436800003051758,4.206666723887126,0.15882009903095984,3.889026525825206,4.524306921949045,18463.0
2020-07-21,3.9000000953674316,4.090000152587891,3.880000114440918,4.010000228881836,4.010000228881836,3341000,4.133000087738037,4.435666688283285,4.417400007247925,4.182000064849854,0.1587091047308915,3.864581855388071,4.499418274311637,18464.0
2020-07-22,4.019999980926514,4.119999885559082,3.9200000762939453,4.110000133514404,4.110000133514404,2523500,4.118000078201294,4.407333358128866,4.404400005340576,4.1666667302449545,0.153374754413177,3.8599172214186006,4.473416239071309,18465.0
2020-07-23,4.090000152587891,4.309999942779541,4.059999942779541,4.110000133514404,4.110000133514404,3237200,4.108000087738037,4.3753333568573,4.395800008773803,4.144666735331217,0.1337837842471135,3.8770991668369903,4.412234303825445,18466.0
2020-07-24,4.059999942779541,4.230000019073486,4.010000228881836,4.03000020980835,4.03000020980835,2215900,4.077000093460083,4.364000034332276,4.392200012207031,4.127333418528239,0.13040963490316052,3.866514148721918,4.38815268833456,18467.0
2020-07-27,4.019999980926514,4.119999885559082,3.950000047683716,4.010000228881836,4.010000228881836,2472700,4.052000093460083,4.340333382288615,4.38980001449585,4.112000115712484,0.12973603365960001,3.852528048393284,4.371472183031684,18470.0
2020-07-28,3.9600000381469727,4.050000190734863,3.9200000762939453,3.940000057220459,3.940000057220459,4555400,4.038000106811523,4.315333382288615,4.384200019836426,4.1020001093546545,0.13712355165339477,3.827753006047865,4.376247212661444,18471.0
2020-07-29,3.940000057220459,4.179999828338623,3.9200000762939453,4.059999942779541,4.059999942779541,2879600,4.025000095367432,4.296000051498413,4.373800020217896,4.088666756947835,0.13021231557351864,3.8282421258007977,4.349091388094872,18472.0
2020-07-30,4.0,4.230000019073486,3.9700000286102295,4.099999904632568,4.099999904632568,2398500,4.018000078201294,4.274000040690104,4.367000017166138,4.081333414713542,0.12591762223864106,3.8294981702362594,4.333168659190823,18473.0
2020-07-31,4.059999942779541,4.159999847412109,3.990000009536743,4.010000228881836,4.010000228881836,1879400,4.02300009727478,4.242666721343994,4.358600025177002,4.059333419799804,0.1045033874155501,3.850326644968704,4.2683401946309045,18474.0
2020-08-03,4.03000020980835,4.25,4.0,4.150000095367432,4.150000095367432,2517600,4.053000116348267,4.218333387374878,4.352800025939941,4.052000077565511,0.09259744708953399,3.866805183386443,4.237194971744579,18477.0
2020-08-04,4.130000114440918,4.739999771118164,4.130000114440918,4.429999828338623,4.429999828338623,10361400,4.095000076293945,4.2036667188008625,4.357800025939941,4.0753334045410154,0.1346883118509007,3.805956780839214,4.344710028242817,18478.0
2020-08-05,4.5,4.760000228881836,4.25,4.630000114440918,4.630000114440918,4925700,4.147000074386597,4.197000058492025,4.362000026702881,4.104666741689046,0.19558944367882763,3.7134878543313907,4.495845629046701,18479.0
2020-08-06,4.599999904632568,4.659999847412109,4.380000114440918,4.429999828338623,4.429999828338623,1901200,4.179000043869019,4.197666724522908,4.3568000221252445,4.122000058492024,0.2125759933509094,3.6968480717902055,4.547152045193843,18480.0
2020-08-07,4.389999866485596,4.400000095367432,4.059999942779541,4.159999847412109,4.159999847412109,3341100,4.192000007629394,4.1876667181650795,4.3534000205993655,4.1353333791097,0.2079101895863294,3.7195129999370415,4.551153758282359,18481.0
2020-08-10,4.199999809265137,4.570000171661377,4.179999828338623,4.329999923706055,4.329999923706055,4561800,4.223999977111816,4.187000052134196,4.358800020217895,4.167333380381266,0.19753714438785427,3.772259091605558,4.562407669156975,18484.0
2020-08-11,4.429999828338623,4.570000171661377,4.340000152587891,4.349999904632568,4.349999904632568,3138800,4.264999961853027,4.1860000451405845,4.363200016021729,4.190000025431315,0.19770100338184643,3.7945980186676223,4.585402032195008,18485.0
2020-08-12,4.400000095367432,4.630000114440918,4.360000133514404,4.519999980926514,4.519999980926514,3057600,4.310999965667724,4.192000039418539,4.370000019073486,4.217333348592122,0.21355710911161763,3.790219130368887,4.644447566815358,18486.0
2020-08-13,4.519999980926514,4.710000038146973,4.5,4.639999866485596,4.639999866485596,2128300,4.3649999618530275,4.198666699727377,4.3740000152587895,4.252666664123535,0.23707938128432135,3.778507901554893,4.726825426692178,18487.0
2020-08-14,4.599999904632568,4.829999923706055,4.550000190734863,4.75,4.75,3474400,4.438999938964844,4.214000034332275,4.379600019454956,4.3006666501363116,0.2605067835229331,3.7796530830904453,4.821680217182178,18488.0
2020-08-17,4.78000020980835,4.78000020980835,4.559999942779541,4.630000114440918,4.630000114440918,2371000,4.486999940872193,4.227000045776367,4.389400024414062,4.341999975840251,0.26028005311865043,3.82143986960295,4.862560082077552,18491.0
2020-08-18,4.610000133514404,4.869999885559082,4.429999828338623,4.809999942779541,4.809999942779541,3834400,4.524999952316284,4.251000038782755,4.385400018692017,4.399999968210856,0.26123332926718706,3.8775333096764815,4.92246662674523,18492.0
2020-08-19,4.800000190734863,4.840000152587891,4.639999866485596,4.71999979019165,4.71999979019165,2612600,4.533999919891357,4.266333357493083,4.38060001373291,4.44399995803833,0.25539322827503697,3.9332135014882565,4.954786414588404,18493.0
2020-08-20,4.619999885559082,4.679999828338623,4.510000228881836,4.610000133514404,4.610000133514404,2441200,4.551999950408936,4.27966669400533,4.37140001296997,4.477999973297119,0.2397975069323192,3.9984049594324804,4.957594987161757,18494.0
2020-08-21,4.599999904632568,5.599999904632568,4.599999904632568,5.03000020980835,5.03000020980835,10642600,4.638999986648559,4.302666695912679,4.384600019454956,4.5459999720255535,0.24221600801808646,4.06156795598938,5.030431988061727,18495.0
2020-08-24,5.099999904632568,5.130000114440918,4.559999942779541,4.869999885559082,4.869999885559082,4585400,4.692999982833863,4.32300001780192,4.387600021362305,4.59399995803833,0.22912260993393385,4.135754738170462,5.052245177906197,18498.0
2020-08-25,4.880000114440918,5.25,4.880000114440918,4.980000019073486,4.980000019073486,2998700,4.755999994277954,4.353000020980835,4.3934000205993655,4.630666637420655,0.2444956484107134,4.141675340599228,5.119657934242081,18499.0
2020-08-26,4.96999979019165,5.21999979019165,4.920000076293945,5.110000133514404,5.110000133514404,2779700,4.815000009536743,4.383666690190633,4.402800025939942,4.66266663869222,0.2740299598178376,4.114606719056544,5.210726558327895,18500.0
2020-08-27,5.110000133514404,5.380000114440918,5.019999980926514,5.25,5.25,3384400,4.876000022888183,4.419666687647502,4.412600021362305,4.7173333168029785,0.3044073646939378,4.108518587415103,5.326148046190854,18501.0
2020-08-28,5.300000190734863,5.570000171661377,5.21999979019165,5.389999866485596,5.389999866485596,4236900,4.940000009536743,4.467333348592122,4.421400022506714,4.799333318074544,0.3091801947257695,4.180972928623005,5.417693707526084,18502.0
2020-08-31,5.769999980926514,7.150000095367432,5.690000057220459,6.679999828338623,6.679999828338623,37976000,5.144999980926514,4.561666679382324,4.457400016784668,4.955999978383383,0.5533508025994153,3.849298373184552,6.062701583582213,18505.0
2020-09-01,7.300000190734863,7.820000171661377,6.769999980926514,7.650000095367432,7.650000095367432,23211000,5.428999996185302,4.683000008265178,4.513000020980835,5.175999991099039,0.8640089288280598,3.4479821334429195,6.904017848755159,18506.0
2020-09-02,7.800000190734863,8.050000190734863,7.110000133514404,7.710000038146973,7.710000038146973,13011100,5.728000020980835,4.803000005086263,4.5706000232696535,5.3886666615804035,1.0611171182637351,3.2664324250529333,7.510900898107874,18507.0
2020-09-03,7.880000114440918,8.449999809265137,7.239999771118164,7.820000171661377,7.820000171661377,14344500,6.049000024795532,4.926666673024496,4.638800029754639,5.600666681925456,1.2083132895304705,3.184040102864515,8.017293260986397,18508.0
2020-09-04,7.78000020980835,7.920000076293945,7.170000076293945,7.650000095367432,7.650000095367432,7662000,6.311000013351441,5.0473333358764645,4.702600030899048,5.794000021616617,1.291614742741836,3.2107705361329453,8.377229507100289,18509.0
2020-09-08,7.550000190734863,8.279999732971191,7.480000019073486,7.699999809265137,7.699999809265137,9816600,6.594000005722046,5.170333321889242,4.769600028991699,5.998666667938233,1.3364498247279704,3.325767018482292,8.671566317394173,18513.0
2020-09-09,7.960000038146973,7.989999771118164,7.309999942779541,7.349999904632568,7.349999904632568,9068100,6.8309999942779545,5.283999983469645,4.8290000247955325,6.167999998728434,1.3359972240017042,3.496005550725026,8.839994446731843,18514.0
2020-09-10,6.650000095367432,6.949999809265137,6.190000057220459,6.230000019073486,6.230000019073486,15558300,6.942999982833863,5.35633331934611,4.866800022125244,6.26866668065389,1.2745747986069602,3.71951708343997,8.817816277867811,18515.0
2020-09-11,6.260000228881836,6.329999923706055,5.869999885559082,6.090000152587891,6.090000152587891,6061200,7.026999998092651,5.42266666094462,4.899800024032593,6.367333348592123,1.191586373124879,3.9841606023423646,8.750506094841882,18516.0
2020-09-14,6.800000190734863,7.0,6.429999828338623,6.909999847412109,6.909999847412109,10119000,7.178999996185302,5.51933331489563,4.952200021743774,6.492666657765707,1.1385671952584875,4.215532267248731,8.769801048282682,18519.0
2020-09-15,6.860000133514404,7.260000228881836,6.690000057220459,7.090000152587891,7.090000152587891,5743500,7.2200000286102295,5.617333316802979,5.009200029373169,6.640666675567627,1.0536973469317925,4.533271981704042,8.748061369431213,18520.0
2020-09-16,7.03000020980835,9.039999961853027,7.03000020980835,8.680000305175781,8.680000305175781,19256300,7.323000049591064,5.758999999364217,5.101000032424927,6.88733336130778,1.0701233068498033,4.747086747608174,9.027579975007386,18521.0
2020-09-17,8.569999694824219,9.770000457763672,8.40999984741211,9.199999809265137,9.199999809265137,17026700,7.472000026702881,5.911333322525024,5.199800024032593,7.160000006357829,1.1053958790900829,4.949208248177664,9.370791764537994,18522.0
2020-09-18,9.199999809265137,9.770000457763672,8.90999984741211,9.470000267028809,9.470000267028809,17407500,7.637000036239624,6.0793333371480305,5.3050000286102295,7.4413333574930824,1.1214587138515144,5.198415929790054,9.684250785196111,18523.0
2020-09-21,9.350000381469727,9.600000381469727,8.380000114440918,8.75,8.75,7639800,7.747000026702881,6.232333342234294,5.393200025558472,7.665333366394043,1.012753470435066,5.639826425523911,9.690840307264175,18526.0
2020-09-22,10.449999809265137,11.170000076293945,9.899999618530273,10.5600004196167,10.5600004196167,34752500,8.033000087738037,6.440000025431315,5.519200029373169,7.924000072479248,1.217842427103216,5.488315218272816,10.35968492668568,18527.0
2020-09-23,10.600000381469727,10.859999656677246,9.920000076293945,10.039999961853027,10.039999961853027,10651200,8.302000093460084,6.629666694005331,5.638400030136109,8.083333396911621,1.3305620563664493,5.422209284178723,10.74445750964452,18528.0
2020-09-24,9.710000038146973,9.8100004196167,9.010000228881836,9.140000343322754,9.140000343322754,7938800,8.593000125885009,6.783666706085205,5.737400035858155,8.178666750590006,1.3529432443963316,5.472780261797343,10.884553239382669,18529.0
2020-09-25,9.1899995803833,10.180000305175781,9.100000381469727,10.020000457763672,10.020000457763672,7515200,8.986000156402588,6.963000059127808,5.854400043487549,8.32533343633016,1.4284251385842213,5.468483159161718,11.182183713498603,18530.0
2020-09-28,10.15999984741211,10.260000228881836,9.550000190734863,10.09000015258789,10.09000015258789,6764300,9.304000186920167,7.1410000642140705,5.977000045776367,8.488000106811523,1.483881110089361,5.520237886632801,11.455762326990245,18533.0
2020-09-29,10.0,10.649999618530273,9.930000305175781,10.350000381469727,10.350000381469727,5237600,9.63000020980835,7.3316667397816975,6.107000055313111,8.664666811625162,1.540050504027357,5.584565803570448,11.744767819679875,18534.0
2020-09-30,10.25,10.760000228881836,10.0600004196167,10.199999809265137,10.199999809265137,6079000,9.782000160217285,7.511333401997884,6.230800046920776,8.854666805267334,1.54207596956897,5.7705148661293935,11.938818744405275,18535.0
2020-10-01,10.09000015258789,10.25,9.6899995803833,9.770000457763672,9.770000457763672,4554100,9.839000225067139,7.679666757583618,6.344000053405762,9.090666834513346,1.373356053424562,6.343954727664222,11.83737894136247,18536.0
2020-10-02,9.380000114440918,9.779999732971191,9.300000190734863,9.390000343322754,9.390000343322754,4340500,9.831000232696534,7.839000097910563,6.449600057601929,9.310666847229005,1.094306558714751,7.122053729799503,11.499279964658506,18537.0
2020-10-05,9.4399995803833,9.59000015258789,9.25,9.460000038146973,9.460000038146973,2805000,9.902000236511231,7.986666758855184,6.558200054168701,9.48066685994466,0.8697575243092469,7.741151811326167,11.220181908563154,18540.0
2020-10-06,9.5600004196167,9.84000015258789,9.100000381469727,9.130000114440918,9.130000114440918,4535400,9.759000205993653,8.128666766484578,6.660600051879883,9.61666685740153,0.5806974861817827,8.455271885037964,10.778061829765095,18541.0
2020-10-07,9.229999542236328,9.5600004196167,9.170000076293945,9.359999656677246,9.359999656677246,3308600,9.691000175476074,8.274666754404704,6.769000043869019,9.662000147501628,0.5263514035596815,8.609297340382264,10.714702954620991,18542.0
2020-10-08,9.539999961853027,13.640000343322754,9.1899995803833,13.489999771118164,13.489999771118164,76453600,10.126000118255615,8.554000075658163,6.957600040435791,9.948000144958495,1.104918808526775,7.7381625279049455,12.157837762012045,18543.0
2020-10-09,12.829999923706055,14.800000190734863,11.899999618530273,12.020000457763672,12.020000457763672,77152800,10.326000118255616,8.779666757583618,7.116000051498413,10.118000157674153,1.2166417296400445,7.684716698394064,12.551283616954242,18544.0
2020-10-12,11.65999984741211,12.770000457763672,11.399999618530273,11.800000190734863,11.800000190734863,23655700,10.497000122070313,8.993333435058593,7.271800050735473,10.321333503723144,1.2265099240122872,7.86831365569857,12.774353351747719,18547.0
2020-10-13,11.729999542236328,12.420000076293945,11.649999618530273,11.880000114440918,11.880000114440918,10179700,10.650000095367432,9.16666677792867,7.426400051116944,10.409333483378093,1.2905395347944313,7.828254413789231,12.990412552966955,18548.0
2020-10-14,12.670000076293945,12.680000305175781,12.050000190734863,12.25,12.25,10776800,10.855000114440918,9.32000010808309,7.582800054550171,10.556666819254557,1.369122017142153,7.8184227849702514,13.294910853538862,18549.0
2020-10-15,11.989999771118164,15.100000381469727,11.989999771118164,13.829999923706055,13.829999923706055,39894800,11.261000061035157,9.524000104268392,7.7668000507354735,10.869333457946777,1.5465235362379295,7.776286385470918,13.962380530422635,18550.0
2020-10-16,13.770000457763672,13.899999618530273,13.079999923706055,13.3100004196167,13.3100004196167,11651600,11.65300006866455,9.707000112533569,7.944400062561035,11.08866678873698,1.647469329794387,7.793728129148206,14.383605448325753,18551.0
2020-10-19,13.4399995803833,14.5,13.380000114440918,13.90999984741211,13.90999984741211,13169100,12.098000049591064,9.915666770935058,8.139400062561036,11.343333435058593,1.7725673745641546,7.798198685930284,14.888468184186902,18554.0
2020-10-20,14.029999732971191,14.140000343322754,13.670000076293945,13.859999656677246,13.859999656677246,6604000,12.571000003814698,10.12100009918213,8.33000005722046,11.577333386739095,1.861518006091813,7.854297374555469,15.300369398922722,18555.0
2020-10-21,13.899999618530273,14.420000076293945,13.800000190734863,14.100000381469727,14.100000381469727,5361900,13.045000076293945,10.3460001150767,8.525000066757203,11.837333424886067,1.926623447217885,7.984086530450297,15.690580319321837,18556.0
2020-10-22,14.199999809265137,15.869999885559082,14.1899995803833,14.90999984741211,14.90999984741211,16212200,13.18700008392334,10.635333442687989,8.732800064086915,12.18000005086263,1.988761240463369,8.20247756993589,16.15752253178937,18557.0
2020-10-23,15.050000190734863,15.380000114440918,14.550000190734863,15.0,15.0,6507300,13.485000038146973,10.932333437601725,8.940000066757202,12.554000027974446,1.953797756090121,8.646404515794204,16.46159554015469,18558.0
2020-10-26,14.930000305175781,15.449999809265137,13.260000228881836,13.449999809265137,13.449999809265137,13376300,13.65,11.15033343633016,9.114000062942505,12.820000012715658,1.7649605255930698,9.290078961529519,16.349921063901796,18561.0
2020-10-27,13.710000038146973,13.710000038146973,12.359999656677246,12.6899995803833,12.6899995803833,7231000,13.730999946594238,11.33700008392334,9.275200052261352,13.05733331044515,1.4433862379487128,10.170560834547725,15.944105786342575,18562.0
2020-10-28,12.270000457763672,13.050000190734863,11.779999732971191,11.819999694824219,11.819999694824219,6388600,13.68799991607666,11.441666730244954,9.415400047302246,13.221333312988282,1.0897041526142028,11.041925007759875,15.400741618216689,18563.0
2020-10-29,11.880000114440918,12.25,11.680000305175781,11.729999542236328,11.729999542236328,4165800,13.477999877929687,11.526000054677327,9.555600042343139,13.10399996439616,1.1516993653116168,10.800601233772927,15.407398695019392,18564.0
2020-10-30,11.640000343322754,11.640000343322754,10.359999656677246,10.470000267028809,10.470000267028809,11546900,13.193999862670898,11.55933338801066,9.672800045013428,13.000666618347168,1.3140040433210016,10.372658531705165,15.628674704989171,18565.0
2020-11-02,10.819999694824219,11.09000015258789,10.5,10.75,10.75,5227000,12.877999877929687,11.626000054677327,9.787200040817261,12.93066660563151,1.4071981557066633,10.116270294218182,15.745062917044837,18568.0
2020-11-03,10.75,11.859999656677246,10.630000114440918,11.569999694824219,11.569999694824219,7454500,12.648999881744384,11.659666697184244,9.921200037002563,12.909999910990397,1.4258832043529963,10.058233502284404,15.76176631969639,18569.0
2020-11-04,11.760000228881836,11.770000457763672,10.609999656677246,10.90999984741211,10.90999984741211,5807900,12.329999828338623,11.688666693369548,10.039800033569335,12.820666567484539,1.5096994604475888,9.801267646589361,15.840065488379716,18570.0
2020-11-05,11.270000457763672,11.84000015258789,11.0600004196167,11.449999809265137,11.449999809265137,4705200,11.983999824523925,11.765666675567626,10.16660002708435,12.661999893188476,1.5210673246906996,9.619865243807077,15.704134542569875,18571.0
2020-11-06,11.520000457763672,12.170000076293945,11.319999694824219,11.859999656677246,11.859999656677246,5518200,11.66999979019165,11.82699998219808,10.298800020217895,12.56533317565918,1.5230180134552536,9.519297148748674,15.611369202569687,18572.0
2020-11-09,12.760000228881836,12.930000305175781,11.25,11.489999771118164,11.489999771118164,6244900,11.473999786376954,11.873666636149089,10.420800018310548,12.403999837239583,1.4983791469413859,9.407241543356811,15.400758131122355,18575.0
2020-11-10,11.5,11.65999984741211,10.829999923706055,11.100000381469727,11.100000381469727,3826000,11.314999866485596,11.89866663614909,10.509200029373169,12.219999885559082,1.4761097598807371,9.267780365797607,15.172219405320556,18576.0
2020-11-11,11.5,11.949999809265137,11.210000038146973,11.75,11.75,4882600,11.307999897003175,11.950333309173583,10.59120002746582,12.0633331934611,1.3841689504283736,9.294995292604352,14.831671094317848,18577.0
2020-11-12,11.739999771118164,11.869999885559082,10.970000267028809,11.130000114440918,11.130000114440918,4353300,11.247999954223634,11.995666631062825,10.659600028991699,11.81133321126302,1.1538126642595168,9.503707882743987,14.118958539782055,18578.0
2020-11-13,11.359999656677246,11.550000190734863,11.0,11.010000228881836,11.010000228881836,3535900,11.301999950408936,12.049666627248127,10.723400030136109,11.54533322652181,0.7583426515247358,10.028647923472338,13.062018529571283,18579.0
2020-11-16,11.15999984741211,12.65999984741211,10.720000267028809,12.0600004196167,12.0600004196167,9774800,11.432999992370606,12.136333306630453,10.811600036621094,11.452666600545248,0.570681988900923,10.311302622743401,12.594030578347095,18582.0
2020-11-17,11.649999618530273,11.920000076293945,11.229999542236328,11.630000114440918,11.630000114440918,6678200,11.439000034332276,12.219666639963785,10.89020004272461,11.381999969482422,0.4617543205267687,10.458491328428885,12.30550861053596,18583.0
2020-11-18,11.800000190734863,12.039999961853027,11.5600004196167,11.569999694824219,11.569999694824219,3169200,11.505000019073487,12.293333307902019,10.974600038528443,11.365333302815754,0.4491557323002448,10.467021838215265,12.263644767416244,18584.0
2020-11-19,11.600000381469727,12.789999961853027,11.449999809265137,12.460000038146973,12.460000038146973,11787600,11.60600004196167,12.258999983469645,11.099200038909911,11.414000002543132,0.5246876136158543,10.364624775311423,12.46337522977484,18585.0
2020-11-20,12.550000190734863,13.460000038146973,12.539999961853027,12.710000038146973,12.710000038146973,8395400,11.691000080108642,12.281999969482422,11.231600036621094,11.563333320617676,0.5547285874109524,10.453876145795771,12.672790495439582,18586.0
2020-11-23,12.899999618530273,14.119999885559082,12.670000076293945,13.899999618530273,13.899999618530273,9599100,11.932000064849854,12.351999950408935,11.371400032043457,11.77333329518636,0.776674768174469,10.219983758837422,13.326682831535297,18589.0
2020-11-24,14.229999542236328,14.260000228881836,13.300000190734863,13.670000076293945,13.670000076293945,7183200,12.189000034332276,12.411666615804036,11.503000030517578,11.913333320617676,0.9144526839268127,10.08442795276405,13.742238688471302,18590.0
2020-11-25,13.600000381469727,15.25,13.420000076293945,14.75,14.75,8860100,12.489000034332275,12.49499994913737,11.624400024414063,12.169333330790202,1.126438498394432,9.916456334001339,14.422210327579066,18591.0
2020-11-27,15.289999961853027,16.739999771118164,14.880000114440918,16.079999923706055,16.079999923706055,12504200,12.98400001525879,12.56999994913737,11.76200002670288,12.478000005086264,1.4907054278752665,9.49658914933573,15.459410860836797,18593.0
2020-11-30,18.170000076293945,19.420000076293945,16.559999465942383,16.559999465942383,16.559999465942383,31983500,13.538999938964844,12.67833325068156,11.903800010681152,12.791333325703938,1.8110566378776813,9.169220049948576,16.413446601459302,18596.0
2020-12-01,17.110000610351562,17.399999618530273,15.760000228881836,15.800000190734863,15.800000190734863,12666000,13.91299991607666,12.741333262125652,12.04480001449585,13.078666687011719,1.9279738886615259,9.222718909688666,16.93461446433477,18597.0
2020-12-02,15.699999809265137,16.68000030517578,15.380000114440918,16.579999923706055,16.579999923706055,7883400,14.407999897003174,12.831999937693277,12.165200004577637,13.443999989827473,2.042081469071415,9.359837051684643,17.528162927970303,18598.0
2020-12-03,16.479999542236328,16.639999389648438,15.869999885559082,16.1200008392334,16.1200008392334,6295000,14.863000011444091,12.899333286285401,12.286800022125243,13.7353333791097,2.0942023983466798,9.546928582416342,17.92373817580306,18599.0
2020-12-04,16.299999237060547,17.290000915527344,16.260000228881836,16.899999618530273,16.899999618530273,8972700,15.306999969482423,12.96566661198934,12.442000007629394,14.120000012715657,2.1113197682824945,9.897360476150668,18.342639549280648,18600.0
2020-12-07,17.0,17.5,16.219999313354492,16.350000381469727,16.350000381469727,7386300,15.671000003814697,13.010666624704998,12.568600006103516,14.476000022888183,1.9965534441653705,10.482893134557441,18.469106911218923,18603.0
2020-12-08,16.3700008392334,17.209999084472656,15.930000305175781,16.940000534057617,16.940000534057617,16120200,15.975000095367431,13.126999982198079,12.70560001373291,14.801333363850912,1.9721956015464097,10.856942160758091,18.745724566943732,18604.0
2020-12-09,13.920000076293945,14.729999542236328,13.229999542236328,13.65999984741211,13.65999984741211,24357900,15.974000072479248,13.159333324432373,12.771800003051759,14.936666679382324,1.8012760931622172,11.33411449305789,18.539218865706758,18605.0
2020-12-10,13.119999885559082,14.40999984741211,13.050000190734863,14.119999885559082,14.119999885559082,7558900,15.911000061035157,13.235999997456869,12.850200004577637,15.106666692097981,1.5657799493164153,11.975106793465152,18.23822659073081,18606.0
2020-12-11,13.90999984741211,14.0,13.020000457763672,13.3100004196167,13.3100004196167,7496900,15.634000110626221,13.288666693369548,12.921000003814697,15.163333384195964,1.4759581513418436,12.211417081512277,18.11524968687965,18607.0
2020-12-14,13.34000015258789,13.430000305175781,12.140000343322754,12.720000267028809,12.720000267028809,10007100,15.250000190734863,13.363666693369547,12.987600002288819,15.16400006612142,1.4747726229299611,12.214454820261498,18.11354531198134,18610.0
2020-12-15,12.779999732971191,14.020000457763672,12.479999542236328,13.850000381469727,13.850000381469727,8192900,15.05500020980835,13.467000039418538,13.075400009155274,15.160666783650717,1.477886798027743,12.20489318759523,18.1164403797062,18611.0
2020-12-16,13.960000038146973,14.3100004196167,13.579999923706055,13.850000381469727,13.850000381469727,5865100,14.782000255584716,13.543000062306723,13.16980001449585,15.172666803995769,1.4655981374521676,12.241470529091433,18.103863078900105,18612.0
2020-12-17,13.960000038146973,14.979999542236328,13.59000015258789,14.829999923706055,14.829999923706055,8194900,14.653000164031983,13.673666731516521,13.279200019836425,15.178000132242838,1.4640949741061466,12.249810184030544,18.106190080455132,18613.0
2020-12-18,15.779999732971191,16.299999237060547,15.180000305175781,15.630000114440918,15.630000114440918,16618800,14.526000213623046,13.81300007502238,13.32200002670288,15.148000144958496,1.448823110478486,12.250353924001525,18.04564636591547,18614.0
2020-12-21,15.8100004196167,16.350000381469727,15.279999732971191,15.529999732971191,15.529999732971191,9876100,14.444000148773194,13.935333410898844,13.39220001220703,15.07933349609375,1.4007317640938355,12.277869967906078,17.88079702428142,18617.0
2020-12-22,16.219999313354492,20.040000915527344,16.149999618530273,19.459999084472656,19.459999084472656,30652700,14.696000003814698,14.201000054677328,13.545399990081787,15.323333422342936,1.7977470762333527,11.727839269876231,18.91882757480964,18618.0
2020-12-23,20.170000076293945,22.350000381469727,19.1299991607666,20.56999969482422,20.56999969482422,25830300,15.386999988555909,14.516666698455811,13.719199981689453,15.589333407084148,2.2381988948767875,11.112935617330573,20.065731196837724,18619.0
2020-12-24,21.010000228881836,21.479999542236328,19.950000762939453,20.149999618530273,20.149999618530273,6262200,15.989999961853027,14.796666685740153,13.877199974060058,15.857999992370605,2.5293819468163634,10.799236098737879,20.91676388600333,18620.0
2020-12-28,21.309999465942383,21.969999313354492,20.350000381469727,20.989999771118164,20.989999771118164,8965900,16.757999897003174,15.125333340962728,14.0203999710083,16.1306666692098,2.8498781204339947,10.430910428341809,21.830422910077786,18624.0
2020-12-29,20.81999969482422,21.06999969482422,18.559999465942383,19.3799991607666,19.3799991607666,9241400,17.423999786376953,15.404333305358886,14.141799945831298,16.33266658782959,2.971330498940963,10.390005589947663,22.275327585711516,18625.0
2020-12-30,19.3799991607666,20.0,18.850000381469727,19.260000228881836,19.260000228881836,5934400,17.964999771118165,15.644333299001058,14.248799953460694,16.487333234151205,3.0641343478873684,10.359064538376469,22.61560192992594,18626.0
2020-12-31,19.25,19.799999237060547,18.799999237060547,18.84000015258789,18.84000015258789,6918900,18.46399974822998,15.884666633605956,14.348399963378906,16.83266658782959,3.0142195258301387,10.80422753616931,22.861105639489868,18627.0
2021-01-04,19.0,19.100000381469727,17.149999618530273,17.25,17.25,10022500,18.705999755859374,16.073999977111818,14.411399955749511,17.04133326212565,2.919879531803364,11.201574198518923,22.88109232573238,18631.0
2021-01-05,17.350000381469727,18.079999923706055,17.229999542236328,17.3700008392334,17.3700008392334,4961500,18.879999828338622,16.237666670481364,14.460599975585938,17.311999956766766,2.7313787913309575,11.84924237410485,22.77475753942868,18632.0
2021-01-06,17.34000015258789,18.979999542236328,17.329999923706055,18.360000610351562,18.360000610351562,6056200,19.16299991607666,16.426000022888182,14.527799987792969,17.687999979654947,2.4251248183699996,12.837750342914948,22.538249616394946,18633.0
2021-01-07,18.469999313354492,19.450000762939453,18.020000457763672,18.079999923706055,18.079999923706055,6129300,19.025,16.565333366394043,14.620399990081786,17.96999994913737,2.1805600310156636,13.608879887106044,22.3311200111687,18634.0
2021-01-08,18.18000030517578,18.299999237060547,17.079999923706055,17.690000534057617,17.690000534057617,6464500,18.73700008392334,16.69933338165283,14.720400009155274,18.225999959309895,1.8648774728196096,14.496245013670677,21.955754904949114,18635.0
2021-01-11,19.40999984741211,20.649999618530273,19.010000228881836,19.940000534057617,19.940000534057617,14927600,18.716000175476076,16.872333399454753,14.882800025939941,18.566666666666666,1.6551419120580233,15.25638284255062,21.87695049078271,18638.0
2021-01-12,19.959999084472656,20.399999618530273,19.31999969482422,19.950000762939453,19.950000762939453,7060700,18.612000274658204,17.0013334274292,15.047200050354004,18.854666709899902,1.4735372625112795,15.907592184877343,21.80174123492246,18639.0
2021-01-13,20.420000076293945,38.650001525878906,20.030000686645508,31.399999618530273,31.399999618530273,144501700,19.81400032043457,17.49600009918213,15.465800037384033,19.912666702270506,3.3799817879810456,13.152703126308415,26.672630278232596,18640.0
2021-01-14,38.09000015258789,43.060001373291016,33.04999923706055,39.90999984741211,39.90999984741211,93717400,21.8790002822876,18.299666754404704,16.049000034332277,21.27600008646647,6.162954605763356,8.95009087493976,33.60190929799318,18641.0
2021-01-15,38.4900016784668,40.75,34.0099983215332,35.5,35.5,46752200,23.545000267028808,18.930333423614503,16.52760004043579,22.271333440144858,7.16495210995275,7.941429220239359,36.60123766005036,18642.0
2021-01-19,41.54999923706055,45.52000045776367,36.63999938964844,39.36000061035156,39.36000061035156,74721900,25.756000328063966,19.705000082651775,17.09660005569458,23.552000172932942,8.37356564090297,6.8048688911270006,40.299131454738884,18646.0
2021-01-20,37.369998931884766,41.189998626708984,36.060001373291016,39.119998931884766,39.119998931884766,33471800,27.9310001373291,20.445666726430257,17.650000038146974,24.760666783650716,9.240895273020348,6.278876237610021,43.24245732969141,18647.0
2021-01-21,39.22999954223633,44.75,37.0,43.029998779296875,43.029998779296875,57079800,30.397999954223632,21.335000006357827,18.273400020599365,26.33733342488607,10.222687577472115,5.8919582699418385,46.7827085798303,18648.0
2021-01-22,42.59000015258789,76.76000213623047,42.31999969482422,65.01000213623047,65.01000213623047,196784300,35.091000175476076,22.937333393096925,19.34380006790161,29.387333552042644,14.063620562967575,1.2600924261074944,57.51457467797779,18649.0
2021-01-25,96.7300033569336,159.17999267578125,61.130001068115234,76.79000091552734,76.79000091552734,177874000,41.001000213623044,25.041666762034097,20.657600078582764,33.25066693623861,18.2852055449989,-3.3197441537591885,69.8210780262364,18652.0
2021-01-26,88.55999755859375,150.0,80.19999694824219,147.97999572753906,147.97999572753906,178588000,53.80499973297119,29.503666623433432,23.382199993133543,41.96599998474121,34.27652724098006,-26.587054497218908,110.51905446670133,18653.0
2021-01-27,354.8299865722656,380.0,249.0,347.510009765625,347.510009765625,93396700,86.56100063323974,40.643666934967044,30.109800186157226,63.97533391316732,85.32891886075885,-106.68250380835038,234.63317163468503,18654.0
2021-01-28,265.0,482.84991455078125,112.25,193.60000610351562,193.60000610351562,54431026,102.78100128173828,46.673000462849934,33.7616003036499,75.65800094604492,90.47843779769359,-105.29887464934225,256.61487654143207,18655.0
