Date,Open,High,Low,Close,Adj Close,Volume,SMA_10,SMA_30,SMA_50
2019-11-12,6.03000020980835,6.070000171661377,5.869999885559082,5.920000076293945,5.920000076293945,1834500,,,
2019-11-13,5.909999847412109,5.96999979019165,5.809999942779541,5.940000057220459,5.940000057220459,1533600,,,
2019-11-14,5.949999809265137,6.110000133514404,5.900000095367432,5.980000019073486,5.980000019073486,1708700,,,
2019-11-15,6.0,6.010000228881836,5.849999904632568,5.880000114440918,5.880000114440918,2165900,,,
2019-11-18,5.849999904632568,5.849999904632568,5.610000133514404,5.619999885559082,5.619999885559082,2995900,,,
2019-11-19,5.570000171661377,5.659999847412109,5.449999809265137,5.5,5.5,3360500,,,
2019-11-20,5.539999961853027,5.539999961853027,5.360000133514404,5.460000038146973,5.460000038146973,2666700,,,
2019-11-21,5.460000038146973,5.579999923706055,5.349999904632568,5.5,5.5,2784000,,,
2019-11-22,5.590000152587891,5.849999904632568,5.5,5.659999847412109,5.659999847412109,3493100,,,
2019-11-25,5.670000076293945,6.059999942779541,5.630000114440918,6.03000020980835,6.03000020980835,2744900,5.749000024795532,,
2019-11-26,6.03000020980835,6.260000228881836,6.010000228881836,6.099999904632568,6.099999904632568,2648700,5.767000007629394,,
2019-11-27,6.099999904632568,6.389999866485596,6.019999980926514,6.349999904632568,6.349999904632568,3030000,5.807999992370606,,
2019-11-29,6.329999923706055,6.389999866485596,6.239999771118164,6.340000152587891,6.340000152587891,1369000,5.844000005722046,,
2019-12-02,6.349999904632568,6.460000038146973,6.090000152587891,6.170000076293945,6.170000076293945,2060600,5.873000001907348,,
2019-12-03,6.039999961853027,6.179999828338623,5.929999828338623,6.119999885559082,6.119999885559082,2214900,5.923000001907349,,
2019-12-04,6.170000076293945,6.489999771118164,6.119999885559082,6.429999828338623,6.429999828338623,2872400,6.015999984741211,,
2019-12-05,6.320000171661377,6.519999980926514,6.239999771118164,6.400000095367432,6.400000095367432,4381400,6.1099999904632565,,
2019-12-06,6.389999866485596,6.679999828338623,6.389999866485596,6.679999828338623,6.679999828338623,4757300,6.227999973297119,,
2019-12-09,6.650000095367432,6.920000076293945,6.190000057220459,6.329999923706055,6.329999923706055,6250600,6.294999980926514,,
2019-12-10,6.289999961853027,6.539999961853027,6.119999885559082,6.510000228881836,6.510000228881836,9594900,6.342999982833862,,
2019-12-11,5.25,5.809999942779541,5.179999828338623,5.53000020980835,5.53000020980835,19517800,6.28600001335144,,
2019-12-12,5.460000038146973,5.710000038146973,5.409999847412109,5.579999923706055,5.579999923706055,6387300,6.209000015258789,,
2019-12-13,5.46999979019165,5.619999885559082,5.239999771118164,5.449999809265137,5.449999809265137,5439000,6.119999980926513,,
2019-12-16,5.389999866485596,5.590000152587891,5.389999866485596,5.5,5.5,4406900,6.052999973297119,,
2019-12-17,5.5,6.079999923706055,5.489999771118164,6.059999942779541,6.059999942779541,4141400,6.046999979019165,,
2019-12-18,6.059999942779541,6.269999980926514,5.929999828338623,6.159999847412109,6.159999847412109,5264100,6.019999980926514,,
2019-12-19,6.210000038146973,6.239999771118164,6.03000020980835,6.059999942779541,6.059999942779541,4452000,5.985999965667725,,
2019-12-20,6.059999942779541,6.21999979019165,5.960000038146973,5.989999771118164,5.989999771118164,5484600,5.916999959945679,,
2019-12-23,6.050000190734863,6.070000171661377,5.539999961853027,5.610000133514404,5.610000133514404,6282700,5.844999980926514,,
2019-12-24,5.650000095367432,5.670000076293945,5.440000057220459,5.440000057220459,5.440000057220459,3395500,5.737999963760376,5.94333332379659,
2019-12-26,5.46999979019165,5.510000228881836,5.25,5.400000095367432,5.400000095367432,4264400,5.724999952316284,5.925999991099039,
2019-12-27,5.420000076293945,5.980000019073486,5.389999866485596,5.900000095367432,5.900000095367432,11041300,5.756999969482422,5.924666659037272,
2019-12-30,5.880000114440918,6.25,5.760000228881836,6.130000114440918,6.130000114440918,4482100,5.825,5.929666662216187,
2019-12-31,6.079999923706055,6.389999866485596,5.989999771118164,6.079999923706055,6.079999923706055,4322600,5.882999992370605,5.936333322525025,
2020-01-02,6.139999866485596,6.46999979019165,6.070000171661377,6.309999942779541,6.309999942779541,4453600,5.9079999923706055,5.959333324432373,
2020-01-03,6.210000038146973,6.25,5.840000152587891,5.880000114440918,5.880000114440918,3543900,5.880000019073487,5.971999994913737,
2020-01-06,5.800000190734863,5.909999847412109,5.599999904632568,5.849999904632568,5.849999904632568,3394800,5.859000015258789,5.9849999904632565,
2020-01-07,5.769999980926514,5.829999923706055,5.440000057220459,5.519999980926514,5.519999980926514,5228000,5.812000036239624,5.985666656494141,
2020-01-08,5.489999771118164,5.849999904632568,5.409999847412109,5.71999979019165,5.71999979019165,5629400,5.8230000019073485,5.987666654586792,
2020-01-09,5.820000171661377,5.820000171661377,5.480000019073486,5.550000190734863,5.550000190734863,2643000,5.834000015258789,5.971666653951009,
2020-01-10,5.559999942779541,5.599999904632568,5.380000114440918,5.429999828338623,5.429999828338623,2781400,5.836999988555908,5.949333318074545,
2020-01-13,5.429999828338623,5.610000133514404,5.329999923706055,5.429999828338623,5.429999828338623,3625200,5.789999961853027,5.918666648864746,
2020-01-14,4.78000020980835,5.0,4.53000020980835,4.710000038146973,4.710000038146973,12561900,5.647999954223633,5.864333311716716,
2020-01-15,4.659999847412109,4.730000019073486,4.550000190734863,4.610000133514404,4.610000133514404,4981100,5.500999975204468,5.812333313624064,
2020-01-16,4.610000133514404,4.710000038146973,4.519999980926514,4.619999885559082,4.619999885559082,4287100,5.331999969482422,5.762333313624064,
2020-01-17,4.579999923706055,4.75,4.510000228881836,4.75,4.75,4019500,5.21899995803833,5.70633331934611,
2020-01-21,4.75,4.75,4.550000190734863,4.590000152587891,4.590000152587891,3532100,5.092999982833862,5.645999987920125,
2020-01-22,4.550000190734863,4.639999866485596,4.460000038146973,4.559999942779541,4.559999942779541,2627500,4.996999979019165,5.575333325068156,
2020-01-23,4.550000190734863,4.639999866485596,4.460000038146973,4.619999885559082,4.619999885559082,1880200,4.886999988555909,5.518333323796591,
2020-01-24,4.639999866485596,4.639999866485596,4.25,4.320000171661377,4.320000171661377,4163600,4.763999986648559,5.445333321889241,5.685599994659424
2020-01-27,4.199999809265137,4.349999904632568,4.159999847412109,4.28000020980835,4.28000020980835,2122500,4.649000024795532,5.403666655222575,5.652799997329712
2020-01-28,4.300000190734863,4.300000190734863,4.179999828338623,4.210000038146973,4.210000038146973,2144900,4.527000045776367,5.357999992370606,5.618199996948242
2020-01-29,4.21999979019165,4.320000171661377,4.130000114440918,4.130000114440918,4.130000114440918,1552600,4.469000053405762,5.314000002543131,5.581199998855591
2020-01-30,4.099999904632568,4.119999885559082,3.880000114440918,3.930000066757202,3.930000066757202,3006500,4.401000046730042,5.261666671435038,5.542199997901917
2020-01-31,3.9100000858306885,3.940000057220459,3.8299999237060547,3.8399999141693115,3.8399999141693115,2891700,4.323000049591064,5.187666670481364,5.506599998474121
2020-02-03,3.880000114440918,3.9800000190734863,3.8499999046325684,3.950000047683716,3.950000047683716,2026200,4.243000054359436,5.114000010490417,5.4755999994277955
2020-02-04,4.03000020980835,4.25,3.9700000286102295,4.070000171661377,4.070000171661377,3563100,4.191000056266785,5.047666684786479,5.4478000020980835
2020-02-05,4.150000095367432,4.409999847412109,4.139999866485596,4.179999828338623,4.179999828338623,2641700,4.153000044822693,4.987333353360494,5.421399998664856
2020-02-06,4.199999809265137,4.300000190734863,4.139999866485596,4.139999866485596,4.139999866485596,1510300,4.105000042915345,4.938333344459534,5.3909999990463255
2020-02-07,4.110000133514404,4.130000114440918,3.7699999809265137,3.809999942779541,3.809999942779541,2742300,4.054000020027161,4.884000007311503,5.346599993705749
2020-02-10,3.8499999046325684,4.099999904632568,3.740000009536743,3.940000057220459,3.940000057220459,2777000,4.020000004768372,4.83533333937327,5.303399996757507
2020-02-11,3.9800000190734863,4.239999771118164,3.950000047683716,4.019999980926514,4.019999980926514,3415000,4.000999999046326,4.772666668891906,5.256799998283387
2020-02-12,4.130000114440918,4.510000228881836,4.070000171661377,4.190000057220459,4.190000057220459,4820600,4.00699999332428,4.708000000317892,5.2137999963760375
2020-02-13,4.119999885559082,4.260000228881836,4.070000171661377,4.110000133514404,4.110000133514404,2081700,4.025,4.642333340644837,5.172599997520447
2020-02-14,4.110000133514404,4.190000057220459,4.019999980926514,4.019999980926514,4.019999980926514,1582700,4.043000006675721,4.566000008583069,5.130599999427796
2020-02-18,4.010000228881836,4.079999923706055,3.9600000381469727,4.059999942779541,4.059999942779541,1467600,4.053999996185302,4.505333336194356,5.083200001716614
2020-02-19,4.059999942779541,4.269999980926514,3.9200000762939453,4.150000095367432,4.150000095367432,2593100,4.061999988555908,4.4486666758855185,5.038200001716614
2020-02-20,4.159999847412109,4.300000190734863,4.110000133514404,4.139999866485596,4.139999866485596,1562300,4.057999992370606,4.402666672070821,4.9874000024795535
2020-02-21,4.119999885559082,4.179999828338623,3.990000009536743,4.039999961853027,4.039999961853027,1695700,4.048000001907349,4.346666677792867,4.941600003242493
2020-02-24,3.9000000953674316,3.930000066757202,3.700000047683716,3.700000047683716,3.700000047683716,3566300,4.037000012397766,4.285000006357829,4.885399999618531
2020-02-25,3.7699999809265137,3.7899999618530273,3.549999952316284,3.559999942779541,3.559999942779541,4447900,3.999000000953674,4.222666676839193,4.845999994277954
2020-02-26,3.5799999237060547,3.619999885559082,3.359999895095825,3.390000104904175,3.390000104904175,4724800,3.9360000133514403,4.154666686058045,4.8021999979019165
2020-02-27,3.2300000190734863,3.630000114440918,3.180000066757202,3.4700000286102295,3.4700000286102295,3879500,3.8640000104904173,4.11333335240682,4.762600002288818
2020-02-28,3.3399999141693115,3.7200000286102295,3.3399999141693115,3.5999999046325684,3.5999999046325684,4692200,3.812999987602234,4.079666678110758,4.72460000038147
2020-03-02,3.5999999046325684,3.8499999046325684,3.390000104904175,3.8299999237060547,3.8299999237060547,3208400,3.793999981880188,4.053333346048991,4.68
2020-03-03,3.880000114440918,3.890000104904175,3.5,3.630000114440918,3.630000114440918,4282500,3.750999999046326,4.016000016530355,4.629400005340576
2020-03-04,3.7100000381469727,3.8299999237060547,3.4600000381469727,3.7699999809265137,3.7699999809265137,4257600,3.7129999876022337,3.9886666774749755,4.583600006103516
2020-03-05,3.700000047683716,3.990000009536743,3.5899999141693115,3.9600000381469727,3.9600000381469727,3599400,3.6950000047683718,3.96866668065389,4.543000011444092
2020-03-06,3.8399999141693115,4.070000171661377,3.759999990463257,3.9200000762939453,3.9200000762939453,2096800,3.683000016212463,3.9453333536783854,4.509200010299683
2020-03-09,3.5899999141693115,3.9700000286102295,3.5,3.700000047683716,3.700000047683716,2732000,3.683000016212463,3.92466668287913,4.474400010108948
2020-03-10,3.940000057220459,4.260000228881836,3.799999952316284,4.230000019073486,4.230000019073486,4863200,3.750000023841858,3.9230000098546345,4.451000008583069
2020-03-11,4.139999866485596,4.25,4.0,4.139999866485596,4.139999866485596,4414100,3.825,3.9206666707992555,4.415800004005432
2020-03-12,3.700000047683716,4.039999961853027,3.4800000190734863,3.9800000190734863,3.9800000190734863,5123400,3.875999999046326,3.915666667620341,4.372800002098083
2020-03-13,4.130000114440918,4.650000095367432,3.8499999046325684,4.590000152587891,4.590000152587891,5787200,3.975000023841858,3.937666670481364,4.34300000667572
2020-03-16,3.930000066757202,4.570000171661377,3.9000000953674316,4.369999885559082,4.369999885559082,4866700,4.02900002002716,3.9553333361943563,4.304200005531311
2020-03-17,4.400000095367432,4.650000095367432,4.110000133514404,4.230000019073486,4.230000019073486,3562200,4.089000010490418,3.9646666685740155,4.271200003623963
2020-03-18,4.099999904632568,4.25,3.5,3.7699999809265137,3.7699999809265137,3651700,4.089000010490418,3.9546666622161863,4.229600005149841
2020-03-19,3.7100000381469727,4.199999809265137,3.549999952316284,4.190000057220459,4.190000057220459,5039500,4.1120000123977665,3.9550000031789145,4.20300000667572
2020-03-20,4.079999923706055,4.079999923706055,3.6500000953674316,3.759999990463257,3.759999990463257,7722200,4.096000003814697,3.9423333406448364,4.163800010681152
2020-03-23,3.5799999237060547,3.859999895095825,3.5,3.809999942779541,3.809999942779541,6009800,4.10699999332428,3.9423333406448364,4.1290000057220455
2020-03-24,3.950000047683716,4.210000038146973,3.890000104904175,4.159999847412109,4.159999847412109,6805600,4.099999976158142,3.949666666984558,4.103600006103516
2020-03-25,4.150000095367432,4.489999771118164,4.039999961853027,4.170000076293945,4.170000076293945,3592100,4.102999997138977,3.9546666701634723,4.078400011062622
2020-03-26,4.239999771118164,4.710000038146973,4.239999771118164,4.409999847412109,4.409999847412109,6185700,4.1459999799728395,3.9619999965031942,4.072400007247925
2020-03-27,4.940000057220459,5.090000152587891,4.150000095367432,4.21999979019165,4.21999979019165,7024800,4.108999943733215,3.965666651725769,4.0646000003814695
2020-03-30,4.21999979019165,4.269999980926514,3.6500000953674316,3.6500000953674316,3.6500000953674316,3350600,4.036999964714051,3.953333322207133,4.045200004577636
2020-03-31,3.630000114440918,3.799999952316284,3.5,3.5,3.5,2300900,3.9639999628067017,3.934666657447815,4.020200004577637
2020-04-01,3.450000047683716,3.490000009536743,3.119999885559082,3.25,3.25,4568700,3.91199996471405,3.9046666542689006,3.993400001525879
2020-04-02,3.259999990463257,3.3499999046325684,2.8499999046325684,2.8499999046325684,2.8499999046325684,4064300,3.7779999494552614,3.8616666555404664,3.9592000007629395
2020-04-03,2.8499999046325684,2.940000057220459,2.569999933242798,2.799999952316284,2.799999952316284,3830400,3.681999945640564,3.8203333218892417,3.9228000020980835
2020-04-06,2.859999895095825,3.200000047683716,2.8299999237060547,3.0899999141693115,3.0899999141693115,3340500,3.609999942779541,3.799999984105428,3.898199996948242
2020-04-07,3.390000104904175,3.440000057220459,3.0999999046325684,3.2699999809265137,3.2699999809265137,2836900,3.5209999561309813,3.790333318710327,3.8779999923706057
2020-04-08,3.2300000190734863,3.6700000762939453,3.200000047683716,3.4100000858306885,3.4100000858306885,2884500,3.4449999570846557,3.790999984741211,3.8619999933242797
2020-04-09,3.5999999046325684,4.25,3.490000009536743,3.890000104904175,3.890000104904175,5908600,3.3929999828338624,3.8049999872843423,3.857199993133545
2020-04-13,4.25,4.760000228881836,4.159999847412109,4.739999771118164,4.739999771118164,6844500,3.4449999809265135,3.842999982833862,3.8733999872207643
2020-04-14,5.210000038146973,6.46999979019165,5.139999866485596,5.949999809265137,5.949999809265137,13506600,3.674999952316284,3.9136666456858316,3.9155999851226806
2020-04-15,5.659999847412109,5.670000076293945,4.900000095367432,5.269999980926514,5.269999980926514,7499900,3.8519999504089357,3.9683333079020184,3.941999983787537
2020-04-16,5.119999885559082,5.440000057220459,4.880000114440918,5.03000020980835,5.03000020980835,3371900,4.0299999713897705,4.010333315531413,3.961199984550476
2020-04-17,5.21999979019165,5.28000020980835,4.429999828338623,4.880000114440918,4.880000114440918,5653200,4.232999992370606,4.040999984741211,3.975199990272522
2020-04-20,4.849999904632568,5.900000095367432,4.78000020980835,5.610000133514404,5.610000133514404,6085000,4.514000010490418,4.097333319981893,4.004599995613098
2020-04-21,5.230000019073486,5.300000190734863,4.760000228881836,4.78000020980835,4.78000020980835,4142100,4.6830000400543215,4.133333325386047,4.0240000009536745
2020-04-22,5.139999866485596,5.170000076293945,4.829999923706055,4.889999866485596,4.889999866485596,2677800,4.8450000286102295,4.155333320299785,4.042999997138977
2020-04-23,4.75,4.889999866485596,4.579999923706055,4.699999809265137,4.699999809265137,2265900,4.974000000953675,4.173999985059102,4.056599993705749
2020-04-24,4.78000020980835,4.849999904632568,4.659999847412109,4.769999980926514,4.769999980926514,2236200,5.061999988555908,4.20033331712087,4.068199992179871
2020-04-27,4.849999904632568,5.989999771118164,4.809999942779541,5.820000171661377,5.820000171661377,7275100,5.17000002861023,4.241333317756653,4.10239999294281
2020-04-28,5.920000076293945,6.039999961853027,5.059999942779541,5.639999866485596,5.639999866485596,5200200,5.139000034332275,4.283666650454204,4.134799990653992
2020-04-29,5.829999923706055,6.090000152587891,5.449999809265137,6.039999961853027,6.039999961853027,3369600,5.216000032424927,4.343999981880188,4.174399991035461
2020-04-30,5.869999885559082,5.980000019073486,5.639999866485596,5.730000019073486,5.730000019073486,2173300,5.28600001335144,4.409333316485087,4.205999989509582
2020-05-01,5.650000095367432,6.179999828338623,5.449999809265137,6.050000190734863,6.050000190734863,4005600,5.403000020980835,4.4713333209355675,4.244199995994568
2020-05-04,5.840000152587891,5.929999828338623,5.400000095367432,5.480000019073486,5.480000019073486,4068100,5.3900000095367435,4.528666655222575,4.272999997138977
2020-05-05,5.550000190734863,5.630000114440918,5.349999904632568,5.389999866485596,5.389999866485596,2105900,5.450999975204468,4.58133331934611,4.306799993515015
2020-05-06,5.400000095367432,5.400000095367432,4.900000095367432,4.929999828338623,4.929999828338623,3369600,5.45499997138977,4.606999985376993,4.334199991226196
2020-05-07,4.829999923706055,4.929999828338623,4.650000095367432,4.869999885559082,4.869999885559082,2500800,5.471999979019165,4.630333312352499,4.363799986839294
2020-05-08,4.880000114440918,5.190000057220459,4.820000171661377,4.980000019073486,4.980000019073486,2353700,5.4929999828338625,4.649333318074544,4.393999986648559
2020-05-11,4.920000076293945,4.960000038146973,4.75,4.760000228881836,4.760000228881836,1699200,5.386999988555909,4.667333332697551,4.417199993133545
2020-05-12,4.78000020980835,4.920000076293945,4.460000038146973,4.539999961853027,4.539999961853027,2639200,5.276999998092651,4.696999994913737,4.431399993896484
2020-05-13,4.539999961853027,4.539999961853027,4.070000171661377,4.210000038146973,4.210000038146973,2882900,5.094000005722046,4.720666662851969,4.442999992370606
2020-05-14,4.150000095367432,4.190000057220459,3.9600000381469727,4.130000114440918,4.130000114440918,2004900,4.934000015258789,4.75,4.450199995040894
2020-05-15,4.050000190734863,4.449999809265137,4.039999961853027,4.21999979019165,4.21999979019165,1940600,4.750999975204468,4.7956666628519695,4.455399990081787
2020-05-18,4.400000095367432,4.630000114440918,4.360000133514404,4.579999923706055,4.579999923706055,2371700,4.660999965667725,4.854999995231628,4.4685999870300295
2020-05-19,4.579999923706055,4.75,4.369999885559082,4.440000057220459,4.440000057220459,1840700,4.565999984741211,4.9,4.483399987220764
2020-05-20,4.5,4.690000057220459,4.340000152587891,4.429999828338623,4.429999828338623,2543600,4.515999984741211,4.938666661580403,4.487399983406067
2020-05-21,4.449999809265137,4.650000095367432,4.400000095367432,4.440000057220459,4.440000057220459,1971900,4.473000001907349,4.972999993960062,4.493399987220764
2020-05-22,4.460000038146973,4.489999771118164,4.130000114440918,4.179999828338623,4.179999828338623,2379900,4.392999982833862,4.982666651407878,4.4973999834060665
2020-05-26,4.340000152587891,4.610000133514404,4.329999923706055,4.420000076293945,4.420000076293945,3545700,4.358999967575073,4.971999994913737,4.493999981880188
2020-05-27,4.570000171661377,4.710000038146973,4.360000133514404,4.690000057220459,4.690000057220459,3146600,4.373999977111817,4.930000003178915,4.500399985313416
2020-05-28,4.75,4.760000228881836,4.300000190734863,4.329999923706055,4.329999923706055,2183900,4.385999965667724,4.898666667938232,4.502399983406067
2020-05-29,4.329999923706055,4.420000076293945,4.050000190734863,4.059999942779541,4.059999942779541,3973500,4.378999948501587,4.8663333257039385,4.508199982643127
2020-06-01,4.119999885559082,4.360000133514404,4.019999980926514,4.130000114440918,4.130000114440918,2611600,4.369999980926513,4.841333325703939,4.506999983787536
2020-06-02,4.269999980926514,4.309999942779541,4.059999942779541,4.179999828338623,4.179999828338623,2369400,4.32999997138977,4.793666648864746,4.515399980545044
2020-06-03,4.239999771118164,4.519999980926514,4.199999809265137,4.440000057220459,4.440000057220459,3037400,4.32999997138977,4.78233331044515,4.527999982833863
2020-06-04,4.440000057220459,4.71999979019165,4.369999885559082,4.46999979019165,4.46999979019165,3514300,4.333999967575073,4.768333307902018,4.534199981689453
2020-06-05,4.289999961853027,4.409999847412109,4.090000152587891,4.139999866485596,4.139999866485596,6274400,4.303999948501587,4.7496666431427,4.533599977493286
2020-06-08,4.28000020980835,5.139999866485596,4.269999980926514,5.010000228881836,5.010000228881836,10133700,4.386999988555909,4.757666651407877,4.5455999851226805
2020-06-09,5.0,5.0,4.550000190734863,4.960000038146973,4.960000038146973,8073400,4.440999984741211,4.728999980290731,4.5603999900817875
2020-06-10,4.78000020980835,5.53000020980835,4.679999828338623,5.070000171661377,5.070000171661377,10606400,4.478999996185303,4.709999990463257,4.588799991607666
2020-06-11,4.639999866485596,4.900000095367432,4.179999828338623,4.369999885559082,4.369999885559082,6236000,4.482999992370606,4.654333321253459,4.606199989318847
2020-06-12,4.599999904632568,4.78000020980835,4.389999866485596,4.71999979019165,4.71999979019165,4378200,4.548999977111817,4.620666646957398,4.63559998512268
2020-06-15,4.5,4.769999980926514,4.420000076293945,4.690000057220459,4.690000057220459,3909000,4.604999971389771,4.575333309173584,4.672399988174439
2020-06-16,4.949999809265137,4.949999809265137,4.510000228881836,4.639999866485596,4.639999866485596,3121300,4.650999975204468,4.547333304087321,4.709199986457825
2020-06-17,4.539999961853027,4.829999923706055,4.53000020980835,4.760000228881836,4.760000228881836,3593500,4.682999992370606,4.526333316167196,4.742599992752075
2020-06-18,4.670000076293945,4.949999809265137,4.650000095367432,4.949999809265137,4.949999809265137,3423800,4.730999994277954,4.526999982198079,4.776199989318847
2020-06-19,4.949999809265137,5.079999923706055,4.690000057220459,4.880000114440918,4.880000114440918,7366600,4.8050000190734865,4.527333323160807,4.805599989891053
2020-06-22,4.789999961853027,4.949999809265137,4.71999979019165,4.869999885559082,4.869999885559082,3178900,4.790999984741211,4.52366665204366,4.825199985504151
2020-06-23,4.949999809265137,4.989999771118164,4.800000190734863,4.829999923706055,4.829999923706055,3205400,4.777999973297119,4.525999975204468,4.826999988555908
2020-06-24,4.829999923706055,4.840000152587891,4.380000114440918,4.409999847412109,4.409999847412109,2976200,4.711999940872192,4.521666638056437,4.796199989318848
2020-06-25,4.329999923706055,4.539999961853027,4.300000190734863,4.460000038146973,4.460000038146973,2450800,4.7209999561309814,4.5299999713897705,4.779999990463256
2020-06-26,4.480000019073486,4.5,4.269999980926514,4.349999904632568,4.349999904632568,3801200,4.683999967575073,4.537333297729492,4.766399984359741
2020-06-29,4.349999904632568,4.519999980926514,4.300000190734863,4.380000114440918,4.380000114440918,2131200,4.652999973297119,4.542666641871135,4.756399984359741
2020-06-30,4.329999923706055,4.510000228881836,4.199999809265137,4.340000152587891,4.340000152587891,3889000,4.623000001907348,4.534666649500529,4.730999984741211
2020-07-01,4.309999942779541,4.5,4.309999942779541,4.440000057220459,4.440000057220459,2303700,4.590999984741211,4.534666649500529,4.724199981689453
2020-07-02,4.489999771118164,4.510000228881836,4.289999961853027,4.289999961853027,4.289999961853027,1887600,4.525,4.529999987284342,4.712199983596801
2020-07-06,4.309999942779541,4.340000152587891,4.190000057220459,4.239999771118164,4.239999771118164,2140900,4.460999965667725,4.523333311080933,4.7029999828338624
2020-07-07,4.199999809265137,4.25,4.059999942779541,4.090000152587891,4.090000152587891,2456600,4.382999992370605,4.520333321889241,4.68939998626709
2020-07-08,4.099999904632568,4.289999961853027,4.03000020980835,4.260000228881836,4.260000228881836,2052800,4.326000022888183,4.514999993642172,4.658199987411499
2020-07-09,4.269999980926514,4.320000171661377,4.130000114440918,4.210000038146973,4.210000038146973,1992600,4.30600004196167,4.498999993006389,4.629599990844727
2020-07-10,4.199999809265137,4.380000114440918,4.179999828338623,4.340000152587891,4.340000152587891,1410800,4.294000053405762,4.499333333969116,4.595599994659424
2020-07-13,4.349999904632568,4.550000190734863,4.260000228881836,4.260000228881836,4.260000228881836,4216200,4.2850000858306885,4.506000010172526,4.566199998855591
2020-07-14,4.21999979019165,4.309999942779541,4.070000171661377,4.079999923706055,4.079999923706055,2261600,4.255000066757202,4.50433333714803,4.526799993515015
2020-07-15,4.130000114440918,4.289999961853027,4.130000114440918,4.190000057220459,4.190000057220459,1474100,4.240000057220459,4.504666678110758,4.500999994277954
2020-07-16,4.190000057220459,4.199999809265137,4.090000152587891,4.170000076293945,4.170000076293945,1330100,4.213000059127808,4.495666678746542,4.476599998474121
2020-07-17,4.159999847412109,4.230000019073486,3.940000057220459,3.9600000381469727,3.9600000381469727,3065900,4.180000066757202,4.478666687011719,4.457200002670288
2020-07-20,3.950000047683716,4.059999942779541,3.7699999809265137,3.8499999046325684,3.8499999046325684,3401100,4.141000080108642,4.469000021616618,4.436800003051758
2020-07-21,3.9000000953674316,4.090000152587891,3.880000114440918,4.010000228881836,4.010000228881836,3341000,4.133000087738037,4.435666688283285,4.417400007247925
2020-07-22,4.019999980926514,4.119999885559082,3.9200000762939453,4.110000133514404,4.110000133514404,2523500,4.118000078201294,4.407333358128866,4.404400005340576
2020-07-23,4.090000152587891,4.309999942779541,4.059999942779541,4.110000133514404,4.110000133514404,3237200,4.108000087738037,4.3753333568573,4.395800008773803
2020-07-24,4.059999942779541,4.230000019073486,4.010000228881836,4.03000020980835,4.03000020980835,2215900,4.077000093460083,4.364000034332276,4.392200012207031
2020-07-27,4.019999980926514,4.119999885559082,3.950000047683716,4.010000228881836,4.010000228881836,2472700,4.052000093460083,4.340333382288615,4.38980001449585
2020-07-28,3.9600000381469727,4.050000190734863,3.9200000762939453,3.940000057220459,3.940000057220459,4555400,4.038000106811523,4.315333382288615,4.384200019836426
2020-07-29,3.940000057220459,4.179999828338623,3.9200000762939453,4.059999942779541,4.059999942779541,2879600,4.025000095367432,4.296000051498413,4.373800020217896
2020-07-30,4.0,4.230000019073486,3.9700000286102295,4.099999904632568,4.099999904632568,2398500,4.018000078201294,4.274000040690104,4.367000017166138
2020-07-31,4.059999942779541,4.159999847412109,3.990000009536743,4.010000228881836,4.010000228881836,1879400,4.02300009727478,4.242666721343994,4.358600025177002
2020-08-03,4.03000020980835,4.25,4.0,4.150000095367432,4.150000095367432,2517600,4.053000116348267,4.218333387374878,4.352800025939941
2020-08-04,4.130000114440918,4.739999771118164,4.130000114440918,4.429999828338623,4.429999828338623,10361400,4.095000076293945,4.2036667188008625,4.357800025939941
2020-08-05,4.5,4.760000228881836,4.25,4.630000114440918,4.630000114440918,4925700,4.147000074386597,4.197000058492025,4.362000026702881
2020-08-06,4.599999904632568,4.659999847412109,4.380000114440918,4.429999828338623,4.429999828338623,1901200,4.179000043869019,4.197666724522908,4.3568000221252445
2020-08-07,4.389999866485596,4.400000095367432,4.059999942779541,4.159999847412109,4.159999847412109,3341100,4.192000007629394,4.1876667181650795,4.3534000205993655
2020-08-10,4.199999809265137,4.570000171661377,4.179999828338623,4.329999923706055,4.329999923706055,4561800,4.223999977111816,4.187000052134196,4.358800020217895
2020-08-11,4.429999828338623,4.570000171661377,4.340000152587891,4.349999904632568,4.349999904632568,3138800,4.264999961853027,4.1860000451405845,4.363200016021729
2020-08-12,4.400000095367432,4.630000114440918,4.360000133514404,4.519999980926514,4.519999980926514,3057600,4.310999965667724,4.192000039418539,4.370000019073486
2020-08-13,4.519999980926514,4.710000038146973,4.5,4.639999866485596,4.639999866485596,2128300,4.3649999618530275,4.198666699727377,4.3740000152587895
2020-08-14,4.599999904632568,4.829999923706055,4.550000190734863,4.75,4.75,3474400,4.438999938964844,4.214000034332275,4.379600019454956
2020-08-17,4.78000020980835,4.78000020980835,4.559999942779541,4.630000114440918,4.630000114440918,2371000,4.486999940872193,4.227000045776367,4.389400024414062
2020-08-18,4.610000133514404,4.869999885559082,4.429999828338623,4.809999942779541,4.809999942779541,3834400,4.524999952316284,4.251000038782755,4.385400018692017
2020-08-19,4.800000190734863,4.840000152587891,4.639999866485596,4.71999979019165,4.71999979019165,2612600,4.533999919891357,4.266333357493083,4.38060001373291
2020-08-20,4.619999885559082,4.679999828338623,4.510000228881836,4.610000133514404,4.610000133514404,2441200,4.551999950408936,4.27966669400533,4.37140001296997
2020-08-21,4.599999904632568,5.599999904632568,4.599999904632568,5.03000020980835,5.03000020980835,10642600,4.638999986648559,4.302666695912679,4.384600019454956
2020-08-24,5.099999904632568,5.130000114440918,4.559999942779541,4.869999885559082,4.869999885559082,4585400,4.692999982833863,4.32300001780192,4.387600021362305
2020-08-25,4.880000114440918,5.25,4.880000114440918,4.980000019073486,4.980000019073486,2998700,4.755999994277954,4.353000020980835,4.3934000205993655
2020-08-26,4.96999979019165,5.21999979019165,4.920000076293945,5.110000133514404,5.110000133514404,2779700,4.815000009536743,4.383666690190633,4.402800025939942
2020-08-27,5.110000133514404,5.380000114440918,5.019999980926514,5.25,5.25,3384400,4.876000022888183,4.419666687647502,4.412600021362305
2020-08-28,5.300000190734863,5.570000171661377,5.21999979019165,5.389999866485596,5.389999866485596,4236900,4.940000009536743,4.467333348592122,4.421400022506714
2020-08-31,5.769999980926514,7.150000095367432,5.690000057220459,6.679999828338623,6.679999828338623,37976000,5.144999980926514,4.561666679382324,4.457400016784668
2020-09-01,7.300000190734863,7.820000171661377,6.769999980926514,7.650000095367432,7.650000095367432,23211000,5.428999996185302,4.683000008265178,4.513000020980835
2020-09-02,7.800000190734863,8.050000190734863,7.110000133514404,7.710000038146973,7.710000038146973,13011100,5.728000020980835,4.803000005086263,4.5706000232696535
2020-09-03,7.880000114440918,8.449999809265137,7.239999771118164,7.820000171661377,7.820000171661377,14344500,6.049000024795532,4.926666673024496,4.638800029754639
2020-09-04,7.78000020980835,7.920000076293945,7.170000076293945,7.650000095367432,7.650000095367432,7662000,6.311000013351441,5.0473333358764645,4.702600030899048
2020-09-08,7.550000190734863,8.279999732971191,7.480000019073486,7.699999809265137,7.699999809265137,9816600,6.594000005722046,5.170333321889242,4.769600028991699
2020-09-09,7.960000038146973,7.989999771118164,7.309999942779541,7.349999904632568,7.349999904632568,9068100,6.8309999942779545,5.283999983469645,4.8290000247955325
2020-09-10,6.650000095367432,6.949999809265137,6.190000057220459,6.230000019073486,6.230000019073486,15558300,6.942999982833863,5.35633331934611,4.866800022125244
2020-09-11,6.260000228881836,6.329999923706055,5.869999885559082,6.090000152587891,6.090000152587891,6061200,7.026999998092651,5.42266666094462,4.899800024032593
2020-09-14,6.800000190734863,7.0,6.429999828338623,6.909999847412109,6.909999847412109,10119000,7.178999996185302,5.51933331489563,4.952200021743774
2020-09-15,6.860000133514404,7.260000228881836,6.690000057220459,7.090000152587891,7.090000152587891,5743500,7.2200000286102295,5.617333316802979,5.009200029373169
2020-09-16,7.03000020980835,9.039999961853027,7.03000020980835,8.680000305175781,8.680000305175781,19256300,7.323000049591064,5.758999999364217,5.101000032424927
2020-09-17,8.569999694824219,9.770000457763672,8.40999984741211,9.199999809265137,9.199999809265137,17026700,7.472000026702881,5.911333322525024,5.199800024032593
2020-09-18,9.199999809265137,9.770000457763672,8.90999984741211,9.470000267028809,9.470000267028809,17407500,7.637000036239624,6.0793333371480305,5.3050000286102295
2020-09-21,9.350000381469727,9.600000381469727,8.380000114440918,8.75,8.75,7639800,7.747000026702881,6.232333342234294,5.393200025558472
2020-09-22,10.449999809265137,11.170000076293945,9.899999618530273,10.5600004196167,10.5600004196167,34752500,8.033000087738037,6.440000025431315,5.519200029373169
2020-09-23,10.600000381469727,10.859999656677246,9.920000076293945,10.039999961853027,10.039999961853027,10651200,8.302000093460084,6.629666694005331,5.638400030136109
2020-09-24,9.710000038146973,9.8100004196167,9.010000228881836,9.140000343322754,9.140000343322754,7938800,8.593000125885009,6.783666706085205,5.737400035858155
2020-09-25,9.1899995803833,10.180000305175781,9.100000381469727,10.020000457763672,10.020000457763672,7515200,8.986000156402588,6.963000059127808,5.854400043487549
2020-09-28,10.15999984741211,10.260000228881836,9.550000190734863,10.09000015258789,10.09000015258789,6764300,9.304000186920167,7.1410000642140705,5.977000045776367
2020-09-29,10.0,10.649999618530273,9.930000305175781,10.350000381469727,10.350000381469727,5237600,9.63000020980835,7.3316667397816975,6.107000055313111
2020-09-30,10.25,10.760000228881836,10.0600004196167,10.199999809265137,10.199999809265137,6079000,9.782000160217285,7.511333401997884,6.230800046920776
2020-10-01,10.09000015258789,10.25,9.6899995803833,9.770000457763672,9.770000457763672,4554100,9.839000225067139,7.679666757583618,6.344000053405762
2020-10-02,9.380000114440918,9.779999732971191,9.300000190734863,9.390000343322754,9.390000343322754,4340500,9.831000232696534,7.839000097910563,6.449600057601929
2020-10-05,9.4399995803833,9.59000015258789,9.25,9.460000038146973,9.460000038146973,2805000,9.902000236511231,7.986666758855184,6.558200054168701
2020-10-06,9.5600004196167,9.84000015258789,9.100000381469727,9.130000114440918,9.130000114440918,4535400,9.759000205993653,8.128666766484578,6.660600051879883
2020-10-07,9.229999542236328,9.5600004196167,9.170000076293945,9.359999656677246,9.359999656677246,3308600,9.691000175476074,8.274666754404704,6.769000043869019
2020-10-08,9.539999961853027,13.640000343322754,9.1899995803833,13.489999771118164,13.489999771118164,76453600,10.126000118255615,8.554000075658163,6.957600040435791
2020-10-09,12.829999923706055,14.800000190734863,11.899999618530273,12.020000457763672,12.020000457763672,77152800,10.326000118255616,8.779666757583618,7.116000051498413
2020-10-12,11.65999984741211,12.770000457763672,11.399999618530273,11.800000190734863,11.800000190734863,23655700,10.497000122070313,8.993333435058593,7.271800050735473
2020-10-13,11.729999542236328,12.420000076293945,11.649999618530273,11.880000114440918,11.880000114440918,10179700,10.650000095367432,9.16666677792867,7.426400051116944
2020-10-14,12.670000076293945,12.680000305175781,12.050000190734863,12.25,12.25,10776800,10.855000114440918,9.32000010808309,7.582800054550171
2020-10-15,11.989999771118164,15.100000381469727,11.989999771118164,13.829999923706055,13.829999923706055,39894800,11.261000061035157,9.524000104268392,7.7668000507354735
2020-10-16,13.770000457763672,13.899999618530273,13.079999923706055,13.3100004196167,13.3100004196167,11651600,11.65300006866455,9.707000112533569,7.944400062561035
2020-10-19,13.4399995803833,14.5,13.380000114440918,13.90999984741211,13.90999984741211,13169100,12.098000049591064,9.915666770935058,8.139400062561036
2020-10-20,14.029999732971191,14.140000343322754,13.670000076293945,13.859999656677246,13.859999656677246,6604000,12.571000003814698,10.12100009918213,8.33000005722046
2020-10-21,13.899999618530273,14.420000076293945,13.800000190734863,14.100000381469727,14.100000381469727,5361900,13.045000076293945,10.3460001150767,8.525000066757203
2020-10-22,14.199999809265137,15.869999885559082,14.1899995803833,14.90999984741211,14.90999984741211,16212200,13.18700008392334,10.635333442687989,8.732800064086915
2020-10-23,15.050000190734863,15.380000114440918,14.550000190734863,15.0,15.0,6507300,13.485000038146973,10.932333437601725,8.940000066757202
2020-10-26,14.930000305175781,15.449999809265137,13.260000228881836,13.449999809265137,13.449999809265137,13376300,13.65,11.15033343633016,9.114000062942505
2020-10-27,13.710000038146973,13.710000038146973,12.359999656677246,12.6899995803833,12.6899995803833,7231000,13.730999946594238,11.33700008392334,9.275200052261352
2020-10-28,12.270000457763672,13.050000190734863,11.779999732971191,11.819999694824219,11.819999694824219,6388600,13.68799991607666,11.441666730244954,9.415400047302246
2020-10-29,11.880000114440918,12.25,11.680000305175781,11.729999542236328,11.729999542236328,4165800,13.477999877929687,11.526000054677327,9.555600042343139
2020-10-30,11.640000343322754,11.640000343322754,10.359999656677246,10.470000267028809,10.470000267028809,11546900,13.193999862670898,11.55933338801066,9.672800045013428
2020-11-02,10.819999694824219,11.09000015258789,10.5,10.75,10.75,5227000,12.877999877929687,11.626000054677327,9.787200040817261
2020-11-03,10.75,11.859999656677246,10.630000114440918,11.569999694824219,11.569999694824219,7454500,12.648999881744384,11.659666697184244,9.921200037002563
2020-11-04,11.760000228881836,11.770000457763672,10.609999656677246,10.90999984741211,10.90999984741211,5807900,12.329999828338623,11.688666693369548,10.039800033569335
2020-11-05,11.270000457763672,11.84000015258789,11.0600004196167,11.449999809265137,11.449999809265137,4705200,11.983999824523925,11.765666675567626,10.16660002708435
2020-11-06,11.520000457763672,12.170000076293945,11.319999694824219,11.859999656677246,11.859999656677246,5518200,11.66999979019165,11.82699998219808,10.298800020217895
2020-11-09,12.760000228881836,12.930000305175781,11.25,11.489999771118164,11.489999771118164,6244900,11.473999786376954,11.873666636149089,10.420800018310548
2020-11-10,11.5,11.65999984741211,10.829999923706055,11.100000381469727,11.100000381469727,3826000,11.314999866485596,11.89866663614909,10.509200029373169
2020-11-11,11.5,11.949999809265137,11.210000038146973,11.75,11.75,4882600,11.307999897003175,11.950333309173583,10.59120002746582
2020-11-12,11.739999771118164,11.869999885559082,10.970000267028809,11.130000114440918,11.130000114440918,4353300,11.247999954223634,11.995666631062825,10.659600028991699
2020-11-13,11.359999656677246,11.550000190734863,11.0,11.010000228881836,11.010000228881836,3535900,11.301999950408936,12.049666627248127,10.723400030136109
2020-11-16,11.15999984741211,12.65999984741211,10.720000267028809,12.0600004196167,12.0600004196167,9774800,11.432999992370606,12.136333306630453,10.811600036621094
2020-11-17,11.649999618530273,11.920000076293945,11.229999542236328,11.630000114440918,11.630000114440918,6678200,11.439000034332276,12.219666639963785,10.89020004272461
2020-11-18,11.800000190734863,12.039999961853027,11.5600004196167,11.569999694824219,11.569999694824219,3169200,11.505000019073487,12.293333307902019,10.974600038528443
2020-11-19,11.600000381469727,12.789999961853027,11.449999809265137,12.460000038146973,12.460000038146973,11787600,11.60600004196167,12.258999983469645,11.099200038909911
2020-11-20,12.550000190734863,13.460000038146973,12.539999961853027,12.710000038146973,12.710000038146973,8395400,11.691000080108642,12.281999969482422,11.231600036621094
2020-11-23,12.899999618530273,14.119999885559082,12.670000076293945,13.899999618530273,13.899999618530273,9599100,11.932000064849854,12.351999950408935,11.371400032043457
2020-11-24,14.229999542236328,14.260000228881836,13.300000190734863,13.670000076293945,13.670000076293945,7183200,12.189000034332276,12.411666615804036,11.503000030517578
2020-11-25,13.600000381469727,15.25,13.420000076293945,14.75,14.75,8860100,12.489000034332275,12.49499994913737,11.624400024414063
2020-11-27,15.289999961853027,16.739999771118164,14.880000114440918,16.079999923706055,16.079999923706055,12504200,12.98400001525879,12.56999994913737,11.76200002670288
2020-11-30,18.170000076293945,19.420000076293945,16.559999465942383,16.559999465942383,16.559999465942383,31983500,13.538999938964844,12.67833325068156,11.903800010681152
2020-12-01,17.110000610351562,17.399999618530273,15.760000228881836,15.800000190734863,15.800000190734863,12666000,13.91299991607666,12.741333262125652,12.04480001449585
2020-12-02,15.699999809265137,16.68000030517578,15.380000114440918,16.579999923706055,16.579999923706055,7883400,14.407999897003174,12.831999937693277,12.165200004577637
2020-12-03,16.479999542236328,16.639999389648438,15.869999885559082,16.1200008392334,16.1200008392334,6295000,14.863000011444091,12.899333286285401,12.286800022125243
2020-12-04,16.299999237060547,17.290000915527344,16.260000228881836,16.899999618530273,16.899999618530273,8972700,15.306999969482423,12.96566661198934,12.442000007629394
2020-12-07,17.0,17.5,16.219999313354492,16.350000381469727,16.350000381469727,7386300,15.671000003814697,13.010666624704998,12.568600006103516
2020-12-08,16.3700008392334,17.209999084472656,15.930000305175781,16.940000534057617,16.940000534057617,16120200,15.975000095367431,13.126999982198079,12.70560001373291
2020-12-09,13.920000076293945,14.729999542236328,13.229999542236328,13.65999984741211,13.65999984741211,24357900,15.974000072479248,13.159333324432373,12.771800003051759
2020-12-10,13.119999885559082,14.40999984741211,13.050000190734863,14.119999885559082,14.119999885559082,7558900,15.911000061035157,13.235999997456869,12.850200004577637
2020-12-11,13.90999984741211,14.0,13.020000457763672,13.3100004196167,13.3100004196167,7496900,15.634000110626221,13.288666693369548,12.921000003814697
2020-12-14,13.34000015258789,13.430000305175781,12.140000343322754,12.720000267028809,12.720000267028809,10007100,15.250000190734863,13.363666693369547,12.987600002288819
2020-12-15,12.779999732971191,14.020000457763672,12.479999542236328,13.850000381469727,13.850000381469727,8192900,15.05500020980835,13.467000039418538,13.075400009155274
2020-12-16,13.960000038146973,14.3100004196167,13.579999923706055,13.850000381469727,13.850000381469727,5865100,14.782000255584716,13.543000062306723,13.16980001449585
2020-12-17,13.960000038146973,14.979999542236328,13.59000015258789,14.829999923706055,14.829999923706055,8194900,14.653000164031983,13.673666731516521,13.279200019836425
2020-12-18,15.779999732971191,16.299999237060547,15.180000305175781,15.630000114440918,15.630000114440918,16618800,14.526000213623046,13.81300007502238,13.32200002670288
2020-12-21,15.8100004196167,16.350000381469727,15.279999732971191,15.529999732971191,15.529999732971191,9876100,14.444000148773194,13.935333410898844,13.39220001220703
2020-12-22,16.219999313354492,20.040000915527344,16.149999618530273,19.459999084472656,19.459999084472656,30652700,14.696000003814698,14.201000054677328,13.545399990081787
2020-12-23,20.170000076293945,22.350000381469727,19.1299991607666,20.56999969482422,20.56999969482422,25830300,15.386999988555909,14.516666698455811,13.719199981689453
2020-12-24,21.010000228881836,21.479999542236328,19.950000762939453,20.149999618530273,20.149999618530273,6262200,15.989999961853027,14.796666685740153,13.877199974060058
2020-12-28,21.309999465942383,21.969999313354492,20.350000381469727,20.989999771118164,20.989999771118164,8965900,16.757999897003174,15.125333340962728,14.0203999710083
2020-12-29,20.81999969482422,21.06999969482422,18.559999465942383,19.3799991607666,19.3799991607666,9241400,17.423999786376953,15.404333305358886,14.141799945831298
2020-12-30,19.3799991607666,20.0,18.850000381469727,19.260000228881836,19.260000228881836,5934400,17.964999771118165,15.644333299001058,14.248799953460694
2020-12-31,19.25,19.799999237060547,18.799999237060547,18.84000015258789,18.84000015258789,6918900,18.46399974822998,15.884666633605956,14.348399963378906
2021-01-04,19.0,19.100000381469727,17.149999618530273,17.25,17.25,10022500,18.705999755859374,16.073999977111818,14.411399955749511
2021-01-05,17.350000381469727,18.079999923706055,17.229999542236328,17.3700008392334,17.3700008392334,4961500,18.879999828338622,16.237666670481364,14.460599975585938
2021-01-06,17.34000015258789,18.979999542236328,17.329999923706055,18.360000610351562,18.360000610351562,6056200,19.16299991607666,16.426000022888182,14.527799987792969
2021-01-07,18.469999313354492,19.450000762939453,18.020000457763672,18.079999923706055,18.079999923706055,6129300,19.025,16.565333366394043,14.620399990081786
2021-01-08,18.18000030517578,18.299999237060547,17.079999923706055,17.690000534057617,17.690000534057617,6464500,18.73700008392334,16.69933338165283,14.720400009155274
2021-01-11,19.40999984741211,20.649999618530273,19.010000228881836,19.940000534057617,19.940000534057617,14927600,18.716000175476076,16.872333399454753,14.882800025939941
2021-01-12,19.959999084472656,20.399999618530273,19.31999969482422,19.950000762939453,19.950000762939453,7060700,18.612000274658204,17.0013334274292,15.047200050354004
2021-01-13,20.420000076293945,38.650001525878906,20.030000686645508,31.399999618530273,31.399999618530273,144501700,19.81400032043457,17.49600009918213,15.465800037384033
2021-01-14,38.09000015258789,43.060001373291016,33.04999923706055,39.90999984741211,39.90999984741211,93717400,21.8790002822876,18.299666754404704,16.049000034332277
2021-01-15,38.4900016784668,40.75,34.0099983215332,35.5,35.5,46752200,23.545000267028808,18.930333423614503,16.52760004043579
2021-01-19,41.54999923706055,45.52000045776367,36.63999938964844,39.36000061035156,39.36000061035156,74721900,25.756000328063966,19.705000082651775,17.09660005569458
2021-01-20,37.369998931884766,41.189998626708984,36.060001373291016,39.119998931884766,39.119998931884766,33471800,27.9310001373291,20.445666726430257,17.650000038146974
2021-01-21,39.22999954223633,44.75,37.0,43.029998779296875,43.029998779296875,57079800,30.397999954223632,21.335000006357827,18.273400020599365
2021-01-22,42.59000015258789,76.76000213623047,42.31999969482422,65.01000213623047,65.01000213623047,196784300,35.091000175476076,22.937333393096925,19.34380006790161
2021-01-25,96.7300033569336,159.17999267578125,61.130001068115234,76.79000091552734,76.79000091552734,177874000,41.001000213623044,25.041666762034097,20.657600078582764
2021-01-26,88.55999755859375,150.0,80.19999694824219,147.97999572753906,147.97999572753906,178588000,53.80499973297119,29.503666623433432,23.382199993133543
2021-01-27,354.8299865722656,380.0,249.0,347.510009765625,347.510009765625,93396700,86.56100063323974,40.643666934967044,30.109800186157226
2021-01-28,265.0,482.84991455078125,112.25,193.60000610351562,193.60000610351562,54431026,102.78100128173828,46.673000462849934,33.7616003036499
